quarter,gdp_growth,inflation,unemployment,real_gdp,nominal_gdp,personal_tax,corporate_tax,exports,imports,debt_to_gdp,interest_rate,pcpi,transfer_payments_ratio,federal_expenditures,personal_tax_rates,corporate_tax_rates,government_transfer_payments,federal_surplus,trade_balance,net_foreign_investment_income,simulation_type
2000Q1,1.819866203399556,170.15436984592174,3.9895327272230556,13891.036016781805,10013.13633011716,1217.1220266069743,242.80319201517932,1053.1200925417756,1411.9032379787957,4439.801981323578,5.56,170.15436984592174,0.108373716317443,572.8933867806531,0.137738886015378,0.240570721219239,950.2997796591433,-205.86773959152055,-380.2526806787233,34.128744706848394,MARL-FRB/US Agent
2000Q2,7.065666648711755,171.51494528916027,3.9168444816259806,14138.589568293395,10255.933703859806,1269.5863303261722,242.797499300737,1094.344368347182,1462.2725996489821,4254.970722574621,5.81,171.51494528916027,0.108704407637914,1091.9959809256993,0.137738886015378,0.240570721219239,977.0981710219247,154.85923698045724,-387.63200367791757,39.04993584746834,MARL-FRB/US Agent
2000Q3,0.8126586725829552,173.14793023865673,3.939636845432881,14167.34338577891,10340.634711018472,1288.8066460913217,227.5387148849063,1127.7184560520786,1527.8924970551036,4328.442806187681,6.06,173.14793023865673,0.109040066886546,1082.1598318120418,0.137738886015378,0.240570721219239,988.5566730187327,-219.27472191031427,-419.43514741153876,35.28305165011677,MARL-FRB/US Agent
2000Q4,2.275941932508374,174.5180487980158,3.8357695183287466,14248.18327852045,10461.236759735126,1331.3379067957526,150.7761173295747,1118.0323062759678,1538.7793347194051,4444.122568602836,5.81,174.5180487980158,0.109380760853581,1084.310686345098,0.137738886015378,0.14057071972912288,1004.2870381927833,-275.4730309768586,-427.364937606951,61.92429032331423,MARL-FRB/US Agent
2001Q1,-0.6187046528481235,176.4028426460221,4.0658065944335515,14226.161770699984,10526.113136719425,1415.7087720573854,118.79558454468372,1104.3381806922919,1515.0736036923772,4603.334502714357,5.56,176.4028426460221,0.109726546506346,599.552999246208,0.137738886015378,0.14057071972912288,1037.8405913396698,-265.3289189312197,-433.06755620751267,43.78356129180129,MARL-FRB/US Agent
2001Q2,2.267851753239824,177.9381121540937,4.277495372405228,14307.047916045442,10668.601175536662,1457.4451782197884,110.14021231688037,1066.5871066992645,1435.0722476862375,4436.307154469293,5.81,177.9381121540937,0.110077470842707,1041.9110237245982,0.137738886015378,0.14057071972912288,1069.1419787709715,120.15387946276797,-396.8871932384303,37.290227606889935,MARL-FRB/US Agent
2001Q3,-2.4520875686199872,178.7147052088026,4.8054281131563625,14219.610858172797,10665.508270165905,1260.284453765144,92.61458603506235,1006.0079809261675,1368.6355598329078,4622.538356387088,6.05,178.7147052088026,0.110433572317617,547.0723677900323,0.137738886015378,0.14057071972912288,1077.3560141650562,-451.90013777542265,-431.3092736209888,-0.1361036444218246,MARL-FRB/US Agent
2001Q4,-0.6128496431664137,178.79940104254192,5.758984317061822,14197.841330639265,10699.59595120066,1400.6758615832505,71.56436576152494,956.0957047646637,1298.8034949907944,4698.347208584777,6.3,178.79940104254192,0.110794881899888,647.7143439483764,0.137738886015378,0.14057071972912288,1127.5092786885136,37.38047818324374,-371.66398458540345,42.90402827335788,MARL-FRB/US Agent
2002Q1,0.87256003668017,179.30379195315672,6.229810946971915,14228.846307855154,10761.282590689969,1226.40616149796,62.21581369338782,963.4513503111513,1303.9041073800963,4748.172028674078,6.05,179.30379195315672,0.111161422276066,1172.2241207423506,0.137738886015378,0.14057071972912288,1162.6863723658078,-275.4122147763327,-420.84106379287664,-6.606331882443977,MARL-FRB/US Agent
2002Q2,0.08117942435674763,180.27476172743465,6.649824140975613,14231.734324786015,10783.98311546285,1191.2888083030366,61.673599694163975,986.6930853402941,1349.3819152067333,4917.036478244676,5.8,180.27476172743465,0.111533211022401,688.4797697471915,0.137738886015378,0.14057071972912288,1186.933926544909,-745.176579842746,-453.09656646473394,-28.68339065043558,MARL-FRB/US Agent
2002Q3,-0.5120213143619881,180.264136023276,6.744313177921579,14213.528601133537,10774.158918372936,1200.5822787045267,61.59404892093362,983.2326360911562,1354.5620358988567,5053.399028619963,5.55,180.264136023276,0.111910262128689,695.5157015510348,0.137738886015378,0.14057071972912288,1201.1069660022436,-387.07363188605063,-444.5879793382684,-17.829712961431603,MARL-FRB/US Agent
2002Q4,-0.8700038114646702,179.749158542411,7.012302104960333,14182.647636360442,10732.73905223089,1180.9365545566236,65.6085589699961,953.8790923356314,1367.1133160545521,5215.823222941452,5.31,179.749158542411,0.112292586330221,1210.6769520515409,0.137738886015378,0.14057071972912288,1217.6673701242598,-455.708759755828,-476.3498805482978,-4.742204086133034,MARL-FRB/US Agent
2003Q1,0.9595518271495957,179.2997377818889,7.182349300281931,14216.710940540755,10693.72290715115,1148.6868435834976,75.42409466180939,934.4563149285152,1375.3735934029135,5478.479064133925,5.06,179.2997377818889,0.112680190652636,1216.1657903602645,0.137738886015378,0.14057071972912288,1231.9047777942628,-902.9207727503175,-523.4804154882629,-23.862976923895463,MARL-FRB/US Agent
2003Q2,2.305426266850219,176.02981428935988,7.540227024941759,14298.886472173333,10635.511635904933,1166.7336124578446,60.48931103060018,913.5837833262741,1348.5300901762978,5707.030136427748,5.31,176.02981428935988,0.113073078340461,1246.6818664443363,0.137738886015378,0.14057071972912288,1237.2921359127577,-954.9249748485521,-505.4268390989504,-18.384173922904257,MARL-FRB/US Agent
2003Q3,5.614806822725882,173.52663720457016,7.659629294181558,14501.015510947489,10644.175211527658,1109.4273752950064,59.65506082312,912.3571277382981,1342.9808929786939,5988.43042074193,5.06,173.52663720457016,0.113471248746759,748.0923832127428,0.137738886015378,0.14057071972912288,1236.3888727710766,-1037.131101809035,-508.5215803269371,-24.82096597693821,MARL-FRB/US Agent
2003Q4,3.853212733695699,169.57705602581137,7.457972628271969,14641.379233675136,10565.339976344098,1192.8586258431058,54.240768949052864,926.577712603551,1356.3290925819676,6201.204515914895,5.31,169.57705602581137,0.11387469748381,1268.7653516883329,0.137738886015378,0.14057071972912288,1213.6127849335383,-603.872578795955,-502.6483173504058,-11.894480590882974,MARL-FRB/US Agent
2004Q1,1.6962894363352632,165.5525741480848,7.386317881025672,14703.601115646683,10393.110554506648,1163.50533620991,41.61107261867628,923.449652403099,1385.1796013019682,6497.5126683891385,5.08,165.5525741480848,0.114283416471711,1278.1107401838058,0.137738886015378,0.14057071972912288,1221.1692778889505,-1015.7664417887403,-538.6185469803613,-4.832806111394321,MARL-FRB/US Agent
2004Q2,2.940722762954806,160.58600257296862,7.420792266053189,14812.097485395587,10212.894491063624,1188.4816039035568,27.092687227457176,910.1819668091171,1409.617757776601,6695.604199311227,4.83,160.58600257296862,0.114697392178025,1283.731420777262,0.10773888668593026,0.14057071972912288,1196.3956132586616,-975.9976348255991,-603.462669911292,-34.6381592490941,MARL-FRB/US Agent
2004Q3,3.9434347416623443,154.62371305023572,7.295041765317323,14958.846012939772,9990.844352992603,1233.4869321819608,11.603819578403629,872.16150784862,1394.1078262312915,6958.256383150223,5.08,154.62371305023572,0.115116606946076,835.7243536485589,0.10773888668593026,0.1305707199526403,1158.9248200612187,-929.8587222460854,-620.1011451185572,-35.34478948393146,MARL-FRB/US Agent
2004Q4,4.954559377430456,148.6610172062762,7.250652108474378,15145.284506993854,9764.625887750299,1276.1492847907518,12.437464725055348,853.4957835897948,1407.057534529521,7159.360842570466,5.33,148.6610172062762,0.115541038174976,660.3644770948863,0.10773888668593026,0.1305707199526403,1124.8902430702133,-584.4541385964218,-685.2820687214863,-68.12810435821493,MARL-FRB/US Agent
2005Q1,6.130845631540183,141.3344183685388,7.079849174127695,15379.206102483518,9526.53518955844,1328.5812290291137,25.269346989640255,827.8925847244511,1379.1054681232786,7370.788451825025,5.25,141.3344183685388,0.115970657036629,862.6078408901712,0.10773888668593026,0.1905707186115358,1102.7441834113142,-424.98970254777606,-652.7387114277175,-45.192832346055546,MARL-FRB/US Agent
2005Q2,1.965660123449453,193.6661538461538,5.127289800270452,15922.782,12922.656,1206.253,359.036,1294.853,2002.063,5356.972,5.04,193.6661538461538,0.116405427815485,1253.367764055853,0.10773888668593026,0.1905707186115358,1396.362,-306.677,-722.568,74.34199999999998,MARL-FRB/US Agent
2005Q3,4.93619027826071,196.66560346627833,4.428400726442206,16120.494126039755,13469.172864332617,1228.8285949204703,399.9347610543137,1314.8072779035904,2128.329643674092,5576.015076887495,4.79,196.66560346627833,0.11684530919439,1263.9196473893671,0.18773888489779092,0.1905707186115358,1437.4896995829608,-746.782328438483,-832.0595462173654,68.07371098947054,MARL-FRB/US Agent
2005Q4,4.075962710909664,198.4641365255065,4.144162173596921,16285.600237694835,13729.692450114238,1312.969358929639,441.31010643874345,1355.0347023250863,2237.9148456857943,5833.660809390348,4.54,198.4641365255065,0.117290253201153,1052.5416073033261,0.18773888489779092,0.1905707186115358,1438.2168038359328,-646.4179709882646,-968.6591205858231,4.488755474310391,MARL-FRB/US Agent
2006Q1,4.606244290430794,199.41133175945626,4.045153681923007,16474.222838272664,13976.722277319222,1406.9256149779421,454.5574275905974,1410.9881191670518,2301.38951970012,6029.292492595636,4.79,199.41133175945626,0.117740204591795,1584.7900997134707,0.18773888489779092,0.1905707186115358,1475.8462941333714,-413.6636196553409,-939.0113040524019,15.847304748192343,MARL-FRB/US Agent
2006Q2,2.5003574919750804,201.10283138477703,3.893829686248662,16577.523980386086,14175.12641695093,1459.5095429056857,479.90670884759606,1453.8406250624253,2352.6565217415105,6110.782874799103,4.69,201.10283138477703,0.118195099704595,1577.5518094163378,0.18773888489779092,0.1905707186115358,1488.2418081864653,-783.0359149188564,-944.2820587151707,31.52654231302103,MARL-FRB/US Agent
2006Q3,2.2884514671538625,202.95490250976388,3.7728172092218903,16672.63794826338,14341.738244245065,1521.5561378825594,510.6786253915766,1467.48651646763,2422.87387487784,6313.435028537299,4.94,202.95490250976388,0.118654868138452,1565.7799166070713,0.18773888489779092,0.1905707186115358,1515.051818056649,-702.7611075954007,-1022.7946752621085,21.603346641715248,MARL-FRB/US Agent
2006Q4,4.568040675381724,202.17246428004015,3.527553426301266,16864.13253165282,14549.494425842639,1623.3156096650757,479.0279268488664,1523.5408189637337,2412.823532581677,6534.690122465482,4.69,202.17246428004015,0.119119432239517,1583.6265939653222,0.18773888489779092,0.1905707186115358,1514.1688492353628,-632.6963845721294,-937.340140571708,35.39073653581577,MARL-FRB/US Agent
2007Q1,2.379130964357046,204.42438309220498,3.5216886750531136,16964.736371939547,14782.409176927742,1737.2517233993742,496.2328594110729,1573.3396552802892,2475.501146105528,6793.20386769277,4.94,204.42438309220498,0.119588707101234,1577.218115396899,0.18773888489779092,0.1905707186115358,1593.8358686878876,-583.2680888635314,-976.1372273456481,33.70775116696012,MARL-FRB/US Agent
2007Q2,2.8254220307360356,207.2222308502571,3.4804137175970085,17084.991937572107,15013.191106534454,1819.1230936087443,490.8203251676985,1623.7480873995992,2536.7744147633225,6740.144079465633,5.19,207.2222308502571,0.120062598960474,1096.90596981536,0.18773888489779092,0.1905707186115358,1585.969341157562,-562.2148428321238,-957.4731144627308,46.85580074618215,MARL-FRB/US Agent
2007Q3,2.666503558980082,209.17251638486394,3.6704537941102067,17199.26538208906,15231.672338847891,1866.0953767168849,455.742452264482,1694.5755239311081,2582.2103489603946,6823.978305401888,5.42,209.17251638486394,0.12054100839862,614.1283222672319,0.18773888489779092,0.1905707186115358,1611.8027629611843,-129.99881071697703,-884.4462112132027,97.88800341734905,MARL-FRB/US Agent
2007Q4,2.6391404176571602,212.58739446222373,3.8524736663471884,17313.118753924507,15445.970122230781,1889.7708445000633,442.463802856145,1768.6740892566393,2650.1028828231233,6784.111606611101,5.17,212.58739446222373,0.121023827622191,1042.2060348932564,0.18773888489779092,0.1905707186115358,1656.769955037432,279.82990330055867,-850.9893967773481,133.91123256696267,MARL-FRB/US Agent
2008Q1,-1.7904157706396975,215.952103260953,4.138133899526153,17235.797726860783,15497.12891619987,1892.3154973967874,374.6078926645479,1840.8764313846282,2752.932200915215,6919.470322561011,4.92,215.952103260953,0.121510940045049,1437.2004469649378,0.18773888489779092,0.1905707186115358,1702.1399749722211,-213.47402342848332,-924.0241225496233,101.33045586724757,MARL-FRB/US Agent
2008Q2,1.550192476339873,219.9242929319895,4.633051644140717,17302.72433940839,15707.389921568794,1909.210730251298,357.1685053982089,1941.0395504321586,2838.544782403062,6908.578566531767,5.17,219.9242929319895,0.122002220583853,1459.2997265757692,0.18773888489779092,0.1905707186115358,2078.492445323483,-983.8434385096164,-929.2967113982713,73.42190091373233,MARL-FRB/US Agent
2008Q3,-3.882489966729707,224.51879029508768,5.5753240466479115,17135.592626427064,15749.095764273767,1872.1625587262529,340.32716803237656,1961.569904145982,2840.9226921684053,7562.141945681237,4.92,224.51879029508768,0.122497535789656,1469.5393036226637,0.12773888623889543,0.1905707186115358,1873.5439654049246,-841.3636962738349,-898.9089882310451,88.11802752850431,MARL-FRB/US Agent
2008Q4,-10.54370379931413,220.4012579353936,6.646167006402415,16689.812126453602,15440.528058293386,1838.97331753033,216.3610956457993,1734.6783928194504,2402.098421311055,8306.228897144016,4.67,220.4012579353936,0.122996764946469,978.9511476877597,0.12773888623889543,0.1905707186115358,1854.8773438598002,-968.6048723561416,-792.5952469546528,-27.48290797703025,MARL-FRB/US Agent
2009Q1,-6.660085418297967,219.5302333248282,8.277209475938418,16414.22385900127,15206.738352151646,1576.4943268910038,192.20279501634053,1536.7961757545338,1966.4947958068526,8736.816649948829,4.42,219.5302333248282,0.12349978368454,1490.2489854218074,0.12773888623889543,0.1805707188350532,1989.0495356010774,-1006.0142534455118,-547.5989770387348,-14.621068536386112,MARL-FRB/US Agent
2009Q2,-2.46085986897171,220.98685857333456,9.43439603687184,16313.551091560208,15098.598555067498,1476.40791201431,215.23887306373686,1537.5171421599339,1891.512090447584,9203.356296889826,4.17,220.98685857333456,0.12400646050365,1013.2615298276014,0.12773888623889543,0.1805707188350532,2145.7953195826153,-1746.4600128257498,-480.02813848530616,-6.2532007303527255,MARL-FRB/US Agent
2009Q3,-0.3601105901040569,222.59162373304878,9.891920449421843,16298.87099434912,15088.291100822758,1485.2219001281808,218.60701221536246,1598.9305899006622,2015.4386288931084,9609.352676695322,4.02,222.59162373304878,0.124516663149986,522.5292635041736,0.12773888623889543,0.1805707188350532,2183.9788197854077,-1337.760956562193,-490.4177251396526,57.65624239406322,MARL-FRB/US Agent
2009Q4,3.2369713832643754,223.41788927359195,10.268226862197949,16431.303569669068,15217.180742758468,1472.8446100472793,247.98081877756832,1690.1737190875335,2154.618691326368,9823.553204625237,4.27,223.41788927359195,0.125030266622286,1038.9822165821697,0.12773888623889543,0.1805707188350532,2187.1191943388144,-885.3937959997955,-534.0252381444104,46.0490054161499,MARL-FRB/US Agent
2010Q1,0.9815752033453862,222.10790155733093,10.211563652030176,16471.674483626888,15200.700576262005,1473.2538642862885,252.3411423719171,1722.4457402950566,2227.3784131713624,10339.352760874868,4.02,222.10790155733093,0.125547153632512,1548.8948553190721,0.12773888623889543,0.1805707188350532,2301.7127670716436,-1507.301167840901,-543.0399810513402,74.6385877323547,MARL-FRB/US Agent
2010Q2,3.1443437806899506,219.5839069450183,10.080213796188243,16601.666255820484,15247.207299119525,1483.1042143113089,244.38964733443848,1751.8922327472355,2294.3217557689613,10869.463924111044,3.77,219.5839069450183,0.126067212730275,1559.1469786980322,0.12773888623889543,0.1805707188350532,2293.83806384925,-1978.9416391799439,-581.8855056105066,76.38345769628064,MARL-FRB/US Agent
2010Q3,2.661210046899498,216.95664940677096,9.918399798451626,16712.485792223804,15195.312106841639,1544.5304653484743,240.87132169811912,1771.9677521042508,2329.871453508849,11463.418113105068,4.02,216.95664940677096,0.126590343725849,1066.4780727800194,0.12773888623889543,0.1805707188350532,2295.707525169799,-1956.7641245015684,-619.4432726015513,52.12933193663535,MARL-FRB/US Agent
2010Q4,1.7309076804451706,214.5798612500917,10.033844347025324,16784.9619160212,15087.22362624532,1600.1470317997594,228.106072121854,1818.447058036594,2353.009836463207,11958.791851899656,3.84,214.5798612500917,0.127116456090714,566.4953947202816,0.12773888623889543,0.1805707188350532,2272.3780066095333,-1498.3834490257752,-561.4765492062945,66.17525187593297,MARL-FRB/US Agent
2011Q1,-1.2218407375542033,211.81224386872367,9.551049885465835,16733.76876755102,14806.881705166765,1724.6032628399396,187.29478093142782,1830.8237679803794,2408.2224806161794,12130.304999424097,4.09,211.81224386872367,0.127645469268636,542.7074554092119,0.12773888623889543,0.1805707188350532,2237.401354098239,-1024.6625038782252,-645.8636080232075,61.37219197578591,MARL-FRB/US Agent
2011Q2,2.6887792112944453,208.21245707563048,9.663833541948772,16846.63119423644,14637.563711948893,1691.579901014187,158.4346573794861,1839.6191954374046,2431.223614549276,12161.915611362247,3.84,208.21245707563048,0.128177311804698,1038.7232893170217,0.12773888623889543,0.1805707188350532,2184.8401155620327,-1094.4546350233072,-661.8547209070562,44.5733715123009,MARL-FRB/US Agent
2011Q3,0.48109359746817426,202.76799102262171,9.60543549203584,16866.90540004683,14320.999123765498,1671.5496313854592,111.87162192988362,1809.6516742450647,2392.36401854134,12630.772704835026,3.59,202.76799102262171,0.128711919807037,1490.7608588711344,0.12773888623889543,0.1805707188350532,2113.263565462327,-1472.6950581030164,-624.606184712963,57.45034108572437,MARL-FRB/US Agent
2011Q4,5.3430853276069,196.15958368315202,9.195371325691383,17093.720177840343,14060.845715487863,1657.4363808072235,100.94366973693268,1734.797248532428,2353.5103785356373,13205.424475856325,3.34,196.15958368315202,0.129249235162612,1595.5040179992973,0.12773888623889543,0.1805707188350532,2052.024580092607,-1834.7801989645343,-659.6274911173728,47.666552799096415,MARL-FRB/US Agent
2012Q1,4.5058987670699935,189.14662386895532,8.773201316239353,17287.365243147677,13786.414046137072,1676.9558376471093,54.6877839016918,1693.7593365426708,2318.987471717593,13787.49018029703,3.13,189.14662386895532,0.129789203612067,1595.6159489817692,0.12773888623889543,0.15057071950560547,1965.7221978304556,-1790.687122090225,-688.928299811844,23.141887287868126,MARL-FRB/US Agent
2012Q2,2.9427843123997377,180.98844722756678,8.692961359035378,17415.016698865653,13396.607270883955,1723.4636144436622,21.222707062669862,1637.5721301919484,2234.6740824226554,14142.762438462973,3.38,180.98844722756678,0.130331774270974,1586.9365708362275,0.12773888623889543,0.15057071950560547,1909.4995676212188,-1691.23132207165,-695.9056417494096,-12.641900243495817,MARL-FRB/US Agent
2012Q3,1.784956106127567,172.8931523391664,8.560491109156164,17492.902950032294,12956.814618500392,1763.9954844181484,21.956164977155083,1568.8303733249184,2132.900402630558,14515.19156308885,3.13,172.8931523391664,0.130876897574837,1201.8825278685854,0.12773888623889543,0.15057071950560547,1833.046238182431,-1560.2038959330298,-678.0389027720827,-32.50144646433584,MARL-FRB/US Agent
2012Q4,0.462294966300192,231.3756515151515,7.81884960166458,17489.852,16420.419,1590.912,332.83,2237.498,2753.373,12847.828,2.89,231.3756515151515,0.131424525764301,1387.3513464719288,0.12773888623889543,0.15057071950560547,2247.803,-1000.485,-381.6,227.2669999999999,MARL-FRB/US Agent
2013Q1,5.8824325709011305,232.25669558508633,7.327882480184944,17748.959747753725,16340.429370901158,1644.0673411006558,301.7995391491965,2265.4170656307483,2699.5815677588307,13352.01699611539,3.14,232.25669558508633,0.131974611924474,860.1175700086167,0.12773888623889543,0.15057071950560547,2199.363394174797,-1332.9660593476983,-350.4704969591745,162.05508376502405,MARL-FRB/US Agent
2013Q2,-1.510935363121035,232.02569149329736,7.362755629415597,17682.04238472907,16321.142033134012,1724.4494995040347,273.4101267284518,2251.1407345611906,2687.9957417363935,13280.167489157919,3.39,232.02569149329736,0.132527108813019,1353.872757782846,0.12773888623889543,0.15057071950560547,2209.5821199833445,-614.4708942236537,-423.06361768313667,99.06071461710549,MARL-FRB/US Agent
2013Q3,2.330833267635058,233.16444606956662,7.25744456923143,17785.3778962187,16484.39548389891,1717.4778997755986,278.2106463936358,2256.371283027032,2656.8527058187874,13593.492585653816,3.14,233.16444606956662,0.13308196811715,863.5758345819409,0.12773888623889543,0.15057071950560547,2226.5837968385968,-1286.7261251840257,-382.3800949666966,115.64474695882906,MARL-FRB/US Agent
2013Q4,2.681775104193207,233.73807532718865,7.091908222723288,17905.01947196771,16663.570087181426,1770.0111291964795,278.23537025364567,2302.288781265978,2655.076625420338,14079.895821347154,3.29,233.73807532718865,0.133639140079929,1010.4718958851934,0.12773888623889543,0.15057071950560547,2191.0553922041686,-638.6866332554644,-335.7833821386029,112.33134540430167,MARL-FRB/US Agent
2014Q1,-1.9065555780358063,234.6850746877405,6.866237141948184,17819.880249605027,16617.006669096103,1818.4685415042986,300.9650791078234,2276.6902151035474,2707.898123918996,14417.56509227713,3.54,234.6850746877405,0.13419857313486,1500.2401266374147,0.12773888623889543,0.15057071950560547,2238.9956510680404,-863.3451603691223,-421.45387796050215,98.3535904315581,MARL-FRB/US Agent
2014Q2,4.226234166422672,235.14337963579948,6.591573341243951,18009.15585953983,16838.4388604026,1838.788565088444,316.183937516551,2304.0357686936077,2735.7192392492016,14592.25424709829,3.29,235.14337963579948,0.134760210464934,995.2974174477283,0.12773888623889543,0.15057071950560547,2254.912499743273,-1405.5156535153167,-409.9878735260589,91.23224977711844,MARL-FRB/US Agent
2014Q3,3.724500892984395,234.58279973511688,6.607362637898573,18177.62677263211,16991.051623297026,1920.952145007175,285.8765858762785,2283.3987749873413,2699.3340574763383,14912.302669944309,3.04,234.58279973511688,0.135323991116997,511.9599745477178,0.12773888623889543,0.15057071950560547,2280.9753623324154,-941.2662737115451,-413.5511247902516,117.7040247582665,MARL-FRB/US Agent
2014Q4,0.8812644601057689,232.36760087727188,6.336187873593879,18217.71916252242,16943.702332886493,1957.9402045706263,276.78222553084714,2234.964837191409,2687.5905887838644,15177.916474875672,2.79,232.36760087727188,0.135889849061012,495.9389077560378,0.12773888623889543,0.15057071950560547,2342.5430451472307,-463.7162593244117,-459.1737174329483,92.45488581425697,MARL-FRB/US Agent
2015Q1,2.992615542557075,228.74791985479067,6.222571828152822,18354.52686424747,16920.933913357312,1990.5545809488895,269.6213539417853,2133.545483305342,2580.925801401371,15227.783172220974,3.04,228.74791985479067,0.136457713378069,500.3044076103271,0.11773888646241285,0.15057071950560547,2374.4600096675263,-488.4863480357981,-454.37070063736877,82.34604315666965,MARL-FRB/US Agent
2015Q2,1.7861015710131767,227.6252824439768,6.20367776535712,18436.66774087165,16919.472757096824,1992.5817991935785,255.83837859877082,2101.4782400877443,2537.910284484379,15195.631115664173,2.79,227.6252824439768,0.137027511165673,695.0878231822875,0.11773888646241285,0.15057071950560547,2373.8811877153366,-509.3861067507508,-458.2658814133197,72.63707706107517,MARL-FRB/US Agent
2015Q3,1.1691178220381464,225.2284263751946,5.9607115548664495,18490.633159456895,16801.892584398774,1963.6973662782095,217.47355265310972,2028.9237354802672,2494.1486347185455,15336.357095844092,2.54,225.2284263751946,0.13759916913263,1194.297988611113,0.11773888646241285,0.15057071950560547,2383.173510631961,-740.8500957642473,-494.0835643823717,77.79256067069957,MARL-FRB/US Agent
2015Q4,0.37064400371846806,221.38491059000825,5.9090976441850795,18507.77470575838,16566.458204916722,1957.968905535074,173.8662108509395,1955.2967860488052,2413.019345489002,16108.793996798839,2.29,221.38491059000825,0.138172612729691,1472.9691346170584,0.11773888646241285,0.15057071950560547,2279.5851121625537,-1193.601903462191,-458.2032139142756,98.3317650635059,MARL-FRB/US Agent
2016Q1,2.080250057552746,216.88240357828934,5.768975188802282,18604.27742397689,16347.671326158057,1939.1286408167446,163.94392103963935,1878.7167915128869,2330.96659716972,16589.94840623301,2.04,216.88240357828934,0.13874776650914,971.6054125217952,0.11773888646241285,0.15057071950560547,2331.7156567540956,-1505.7319290189428,-469.94842409291874,89.1969154026442,MARL-FRB/US Agent
2016Q2,1.3110117686451876,213.66231905304593,5.838972661587859,18665.353525287028,16187.991716935294,1988.547799158883,133.59447391425667,1868.205021139961,2302.9715042905045,16686.857603705877,2.27,213.66231905304593,0.139324548701176,464.53025534119854,0.11773888646241285,0.15057071950560547,2298.3958059727943,-1028.02032641268,-471.538369248955,76.13139028052132,MARL-FRB/US Agent
2016Q3,2.9182203240345927,209.0826682486002,5.823037705685819,18802.025502799785,15984.32832467082,2008.031872227458,107.79704416738865,1858.7170680338709,2290.318284103585,16929.998775687487,2.1,209.0826682486002,0.139902875429288,470.28586860305154,0.11773888646241285,0.15057071950560547,2282.5544966621674,-605.5374229926317,-474.0948657802923,75.16714384112478,MARL-FRB/US Agent
2016Q4,2.628747876013193,204.43779654915068,5.695803323087412,18925.996879993087,15764.257048562866,1988.3463097929512,73.21061849358031,1804.8354204023517,2278.8400800097274,17260.293119062364,1.85,204.43779654915068,0.140482659317988,971.9151172628332,0.11773888646241285,0.15057071950560547,2216.3001154163153,-617.1376526109141,-442.5171591336025,126.23693413604455,MARL-FRB/US Agent
2017Q1,2.483515852618723,199.48524350866137,5.450660054369804,19043.869959106134,15514.09159659791,1955.9810783561966,31.581555303895527,1805.6233975996804,2287.9453486427965,17321.50965803159,1.6,199.48524350866137,0.141063810062694,466.3784518130765,0.11773888646241285,0.15057071950560547,2160.290933749441,-999.5464974752091,-422.4523461450956,125.61894997980565,MARL-FRB/US Agent
2017Q2,3.009801557131908,193.03979790492437,5.198951342211178,19187.706101912056,15215.991493412343,1951.630644013273,22.44470323803908,1756.3583410769445,2257.1803663977134,17214.194130149725,1.85,193.03979790492437,0.141646232116232,474.3091681907737,0.1977388846742735,0.15057071950560547,2134.339098001466,-560.2522015546322,-489.68376773377145,111.06449033619442,MARL-FRB/US Agent
2017Q3,3.141726102739284,245.2838,4.328403519485802,19660.766,19692.595,2080.123,295.695,2384.524,2916.022,16267.151,2.1,245.2838,0.14222982307925,832.9133059699601,0.1977388846742735,0.15057071950560547,2691.054000000001,-741.8049999999998,-343.064,308.455,MARL-FRB/US Agent
2017Q4,4.191405686625416,247.17545585795756,4.02340863982279,19867.864764777543,21014.044152901537,2136.505628391528,376.3792201676364,2491.4131032756136,3157.9250667288293,16613.700851997397,2.35,247.17545585795756,0.142814474733964,1349.3451050206054,0.1977388846742735,0.15057071950560547,2844.0641162060233,-791.704924935639,-519.9819146375443,295.48542200852233,MARL-FRB/US Agent
2018Q1,7.072826134987764,248.86480416505358,3.4398765881878064,20222.293933050772,21550.430073591106,2125.6150788626123,373.5798909633208,2514.2342802039393,3209.638531684908,17208.068117826,2.57,248.86480416505358,0.143400072796428,1862.8761987301743,0.1977388846742735,0.15057071950560547,2875.509273304041,-1344.1548811248226,-602.7904759124588,225.80825169604677,MARL-FRB/US Agent
2018Q2,2.0012009685977716,249.5789042362048,3.4235891853058305,20323.719623496178,21778.080987243648,2155.6051345208093,401.8449248852804,2539.8105244993512,3262.6773857239605,17503.67076109976,2.58,249.5789042362048,0.143986495771684,1870.2329355784245,0.1977388846742735,0.15057071950560547,2896.6442197349256,-1828.3049619562976,-649.9564099641731,216.386853956815,MARL-FRB/US Agent
2018Q3,3.908580841834919,249.7004638595122,3.1618217521610985,20523.28531177024,22023.693584061126,2261.134515533155,414.2388879698126,2499.1394869285227,3307.8156548865973,18061.01129454305,2.33,249.7004638595122,0.144573614162037,1385.7570420666289,0.1977388846742735,0.15057071950560547,2875.826671932158,-1703.4329870512875,-728.3733173367517,214.66692911825203,MARL-FRB/US Agent
2018Q4,2.137158699243713,249.7419284889609,3.067601788480701,20633.232562977428,22145.6944701991,2336.880976398084,431.61549116103697,2487.085258982559,3347.5543207196406,18552.328645124733,2.08,249.7419284889609,0.145161289504258,1875.2826289621162,0.1977388846742735,0.15057071950560547,2918.7934640953013,-1180.0765788202177,-784.478429256599,241.44623362957446,MARL-FRB/US Agent
2019Q1,4.251745600690526,249.37428388930667,2.9327028099080725,20853.72044947171,22351.64081412585,2452.0702686144496,407.0736362619143,2478.711015737508,3328.086849938767,19007.323289009164,2.24,249.37428388930667,0.145749372033422,1896.5480186389582,0.1977388846742735,0.15057071950560547,3001.6892941396623,-1672.0969331987953,-753.5408138148505,263.7035268448192,MARL-FRB/US Agent
2019Q2,4.817831017852114,250.2756488873216,2.6065460802027656,21106.413437786578,22637.23465851904,2590.8601869581285,423.9183012261958,2477.2987015919684,3379.727736641225,19046.09484971755,2.49,250.2756488873216,0.146337701402653,1896.297838206449,0.1977388846742735,0.15057071950560547,3016.7017877014628,-1593.7714646188394,-793.878822437967,257.61506173165077,MARL-FRB/US Agent
2019Q3,5.606609200187761,250.22956864814643,2.5410742506116746,21404.335001893585,22939.966583498568,2636.1286708295615,416.5338837501325,2456.1065178748563,3329.455859290115,19752.007376559843,2.67,250.22956864814643,0.146926109555476,1410.7512326132974,0.1977388846742735,0.15057071950560547,3014.674759861127,-1518.0140727486412,-784.5687955912108,229.00523150060732,MARL-FRB/US Agent
2019Q4,3.2902977089520395,251.21992565563906,2.4968651165208526,21581.127716913597,23119.51208337618,2729.9607298875053,434.07256373807223,2455.1811458359452,3245.2025550620115,20151.93831640422,2.42,251.21992565563906,0.147514419662794,1917.4164708843919,0.12773888437625028,0.15057071950560547,3041.1647435319633,-903.9290262434533,-749.4456776171436,193.20804156064276,MARL-FRB/US Agent
2020Q1,-5.369622683102193,251.39003414258985,2.835281207700002,21293.35727942706,22840.928681572354,2772.481781629401,335.80581461537463,2332.169167497642,3092.127311819253,20777.909169684517,2.67,251.39003414258985,0.148102444653039,1929.131814712781,0.12773888437625028,0.14057071972912288,3097.322778897037,-1481.2649143739502,-753.474186282863,172.01779038545445,MARL-FRB/US Agent
2020Q2,-33.40790022180187,248.35712971668872,12.095933263132546,19587.182705111103,20852.943220379228,2648.4794120176157,320.1733405710933,1745.0491369117271,2443.0606837266405,23881.55365060013,2.92,248.35712971668872,0.148689986856235,1527.2954247405232,0.12773888437625028,0.14057071972912288,5465.2582962218285,-5929.308480995503,-941.4660516439118,7.824210495849051,MARL-FRB/US Agent
2020Q3,29.088212188996465,250.38526304799302,8.078175373933815,21064.6428195548,22597.5322183121,2867.1874558950367,389.1041791339757,2013.526573702609,2872.9276122902775,24395.423290616214,2.67,250.38526304799302,0.149276838936542,971.7088226412457,0.12773888437625028,0.14057071972912288,4318.480074648059,-3399.378070198882,-1031.396536941905,23.358574502211855,MARL-FRB/US Agent
2020Q4,3.0039043642268837,251.14999420961487,6.252584257392057,21223.428726648395,22835.897343564502,3015.1318445866646,358.6767061323546,2154.8825792704715,3057.6995769593395,24979.036704835908,2.92,251.14999420961487,0.149862894645914,1476.9222360384056,0.12773888437625028,0.14057071972912288,3647.091580408517,-1515.1424338617057,-1098.6866965430015,-37.302452490285546,MARL-FRB/US Agent
2021Q1,4.136086368123415,252.32693826959874,5.8718952751575575,21444.022088261525,23235.255788595943,3153.769546919507,370.4504989660507,2241.812538145486,3160.4076886850853,25324.910344797867,3.17,252.32693826959874,0.150448090470693,2025.618333934293,0.12773888437625028,0.14057071972912288,5985.171514076826,-4351.4197516418035,-1140.0213012653153,-72.13201347519838,MARL-FRB/US Agent
2021Q2,4.98431591145021,255.17897736241653,5.720364502779318,21712.90329649867,23717.185006010204,3290.57700752189,406.1530464645808,2333.901363891067,3272.2836544648944,25835.69288393805,2.94,255.17897736241653,0.151032373729564,1493.729989668142,0.12773888437625028,0.14057071972912288,4221.811017731408,-4045.3736214623104,-1210.7583952490077,-130.06445363414224,MARL-FRB/US Agent
2021Q3,2.1443106349046563,256.77893239466584,5.083652411128138,21829.613870286226,24011.650629514977,3398.197096565963,399.71926767353574,2364.9039791662008,3341.542714881927,25986.94229895539,2.69,256.77893239466584,0.151615800103444,966.7099243518319,0.12773888437625028,0.14057071972912288,3960.653448559623,-2466.586335205639,-1297.7479152700153,-132.5272596433953,MARL-FRB/US Agent
2021Q4,6.134736444643352,259.09864363526174,4.280724478603981,22166.99173196639,24556.515831095316,3485.2727011228976,334.0489677318365,2507.202033416899,3504.709981415037,26821.35321969548,2.94,259.09864363526174,0.152198453820738,480.0343703576159,0.12773888437625028,0.11057072039967514,3733.712963865079,-1387.8147691677777,-1299.633031570522,-131.96217402274462,MARL-FRB/US Agent
2022Q1,-2.396560792627156,260.7395233428556,4.143009640567951,22034.57744349818,24560.23481883023,3845.291279354199,309.7740576479914,2536.47175802985,3660.225728362874,27426.79740612476,3.19,260.7395233428556,0.152780432637255,448.5408556165489,0.12773888437625028,0.11057072039967514,3772.9770828257956,-341.5155424701586,-1549.2600258250832,-220.4074791915325,MARL-FRB/US Agent
2022Q2,-0.5189872240904945,261.89396958725547,4.11678802926615,22006.006821787258,24640.560885805233,3792.2912798843563,287.20035152731646,2676.9795456608595,3736.2402683213877,27333.84653310825,3.16,261.89396958725547,0.153361834908307,441.70706897498724,0.12773888437625028,0.11057072039967514,3746.0488680555964,-478.19386240576324,-1403.6156452339662,-158.97831271391308,MARL-FRB/US Agent
2022Q3,2.6358694308470376,259.21598749305696,4.082413387835093,22151.498066903994,24560.98794843378,3627.016586799586,243.15215104630005,2640.001292511771,3578.506803489533,27658.973900981946,3.41,259.21598749305696,0.153942757869117,441.1711298849441,0.12773888437625028,0.11057072039967514,3747.364200075788,-692.0260945128549,-1232.28874647797,-91.82762721504241,MARL-FRB/US Agent
2022Q4,4.6004677733535,254.94051126094755,4.004341686413016,22407.736897946754,24488.608495000783,3521.7917014970394,222.1902240310431,2528.756624176587,3463.2463680669866,27928.70857899201,3.3,254.94051126094755,0.154523293568654,972.9528874039788,0.12773888437625028,0.11057072039967514,3727.0745493357213,-876.3075565856227,-1166.7206822444236,-48.868356354325314,MARL-FRB/US Agent
2023Q1,4.352570385500343,249.81965976505185,3.8031256674770915,22652.896451770317,24319.84515511009,3083.8621972733176,202.23463689085054,2478.7939349269495,3422.6143967928756,28349.64484930932,3.05,249.81965976505185,0.155103527996035,1486.738082993293,0.17773888512130834,0.11057072039967514,3660.985489448138,-1733.0411397703867,-1142.247480883365,-10.982202836230066,MARL-FRB/US Agent
2023Q2,4.371587011719669,243.82881777141594,3.676222516004956,22901.827020857232,24009.700996547715,3049.954577398078,162.76502108333636,2368.833826987332,3326.487348026883,28994.005354354515,3.3,243.82881777141594,0.155683540408126,1983.4579428721909,0.17773888512130834,0.11057072039967514,3584.4021815089245,-2107.7191959241227,-1132.8934569284365,27.95998860693817,MARL-FRB/US Agent
2023Q3,5.835788987009494,237.7460960692862,3.711754443138393,23238.40185018612,23842.395296157203,3092.371348991167,135.80284401061556,2364.165540232856,3320.7806191796826,30125.55869636039,3.05,237.7460960692862,0.156263401225584,2001.5863479669758,0.17773888512130834,0.11057072039967514,3451.687021194969,-2431.6363024952984,-1068.1666770553754,60.53434212643521,MARL-FRB/US Agent
2023Q4,4.970801412284942,231.11127280518662,3.6711747236773733,23528.98736604841,23505.181343729255,3155.37983019142,105.95864071199799,2330.8888146649506,3291.771029582367,31095.725325408857,2.81,231.11127280518662,0.156843170927778,1502.3176483320328,0.17773888512130834,0.11057072039967514,3312.9730507766367,-2234.0268578942314,-1040.9892146752745,77.58222482566845,MARL-FRB/US Agent
2024Q1,3.0725263056105234,225.04228173416192,3.6181174142666968,23710.41686417985,23135.658939200053,3251.641730331077,56.109252935842356,2300.540279665866,3293.43973671623,31640.158599016228,2.56,225.04228173416192,0.157422896349457,998.5536086746038,0.1477388857918606,0.11057072039967514,3284.63933526719,-1645.5168101695795,-1060.7574767119947,96.00751739856729,MARL-FRB/US Agent
2024Q2,4.310165019766288,218.5616933633709,3.721750990229622,23967.287847593485,22817.709847382957,3278.614459229148,32.08940044959812,2267.1749826010123,3285.1899774430613,31552.592786423207,2.8,218.5616933633709,0.158002607514334,1013.1926071018158,0.12773888623889543,0.11057072039967514,3261.913826433097,-1090.7953926864975,-1111.8359348737451,77.22023863307166,MARL-FRB/US Agent
2000Q1,1.448547603220618,170.1,4.031351282133588,13878.147,10002.179,1215.898,239.393,1052.904,1409.487,4326.404,5.731904761904761,170.1,0.108645455002163,542.8933855885604,0.137738886015378,0.238861366064307,950.3049999999998,175.456,-379.088,33.084,Historical Data
2000Q2,7.219604137991809,171.4333333333333,3.948221767667559,14130.908,10247.72,1238.067,237.6,1093.36,1455.86,4147.231,6.285468750000001,171.4333333333333,0.108978908967931,561.9959797336065,0.137738886015378,0.237089068694082,977.2710000000002,147.634,-385.568,35.67000000000002,Historical Data
2000Q3,0.407522681486938,173.0,4.028613760518085,14145.312,10318.165,1255.133,219.049,1125.002,1518.869,4107.482,6.51142857142857,173.0,0.109317304452095,552.1598306199492,0.137738886015378,0.235266250411827,988.7380000000002,157.652,-417.896,30.48000000000002,Historical Data
2000Q4,2.381054313956099,174.2333333333333,3.91858646341231,14229.765,10435.744,1266.472,221.267,1113.177,1524.52,4090.025,6.499677419354841,174.2333333333333,0.109660705947926,554.3106851530055,0.137738886015378,0.233412603570496,1004.431,157.999,-425.116,54.68699999999995,Historical Data
2001Q1,-1.313348979657292,175.9,4.232963529855915,14183.12,10470.231,1309.906,185.054,1096.812,1499.464,4122.03,5.611774193548388,175.9,0.110009168062198,569.5529980541155,0.137738886015378,0.231552694083256,1037.516,128.432,-428.544,40.06599999999997,Historical Data
2001Q2,2.490243965908689,177.1333333333334,4.415715896965933,14271.694,10599.0,1316.105,179.04,1058.013,1422.028,3976.229,4.33078125,177.1333333333334,0.110362735367513,581.9110153799484,0.137738886015378,0.229717836218176,1067.475,94.77800000000002,-381.004,48.42700000000001,Historical Data
2001Q3,-1.605775616727101,177.6333333333333,4.813780616663143,14214.516,10598.02,1121.612,159.257,998.902,1369.536,4058.181,3.487936507936509,177.6333333333333,0.110721443830056,587.0723594453825,0.137738886015378,0.227940137358244,1073.867,-130.023,-413.74,25.01799999999997,Historical Data
2001Q4,1.09759452094309,177.5,5.543299915504274,14253.574,10660.465,1240.284,142.386,953.52,1323.208,4145.237,2.153387096774194,177.5,0.111085321868279,597.7143320274479,0.137738886015378,0.226250431042928,1120.671,-33.029,-353.052,87.94299999999998,Historical Data
2002Q1,3.331522227558281,178.0666666666667,5.706287843275659,14372.785,10783.5,1082.726,143.823,969.157,1356.041,4183.973,1.740806451612903,178.0666666666667,0.111454389555425,622.2241088214221,0.137738886015378,0.224676118012494,1152.063,-225.832,-410.432,49.64299999999997,Historical Data
2002Q2,2.443348677388002,179.4666666666667,5.854081137684696,14460.848,10887.46,1058.956,150.03,1004.154,1432.413,4213.894,1.7565625,179.4666666666667,0.111828661799335,638.479757826263,0.137738886015378,0.22323757248289,1172.086,-262.154,-458.676,30.923,Historical Data
2002Q3,1.622749618951502,180.4333333333333,5.740611949501817,14519.633,10984.04,1052.19,157.959,1015.56,1463.107,4314.504,1.748125,180.4333333333333,0.112208149873321,645.5156896301063,0.137738886015378,0.221945890753706,1183.716,-278.668,-459.416,43.47499999999997,Historical Data
2002Q4,0.494114897589526,181.5,5.861248108902062,14537.58,11061.433,1047.094,175.496,1003.046,1499.335,4427.328,1.455483870967742,181.5,0.112592861750782,660.6769401306125,0.137738886015378,0.220803291183876,1200.843,-304.599,-495.9,59.13199999999996,Historical Data
2003Q1,2.101040306339996,183.3666666666667,5.888651665410549,14614.141,11174.129,1029.151,196.05,1004.201,1529.463,4517.892,1.255245901639345,183.3666666666667,0.112982801651538,666.1657784393361,0.137738886015378,0.219803739259387,1220.715,-330.445,-541.448,43.56,Historical Data
2003Q2,3.52689218114719,183.0666666666667,6.16677524154513,14743.567,11312.766,1031.555,192.631,1007.465,1527.336,4585.543,1.253749999999999,183.0666666666667,0.113377969971888,696.6818545234079,0.137738886015378,0.218933692240511,1238.345,-387.255,-517.344,56.36500000000001,Historical Data
2003Q3,6.598081034377401,184.4333333333333,6.117294553133579,14988.782,11566.669,958.9849999999998,213.867,1037.31,1556.304,4702.629,1.015,184.4333333333333,0.113778363174492,698.0923712918145,0.137738886015378,0.218175676433254,1256.54,-469.436,-520.42,54.50299999999999,Historical Data
2003Q4,4.616146818960942,185.1333333333333,5.827283440813358,15162.76,11772.234,1031.432,236.571,1091.682,1615.376,4848.035,0.999516129032258,185.1333333333333,0.114183973941226,718.7653397674045,0.137738886015378,0.21750683849936,1258.301,-402.384,-509.96,79.55799999999998,Historical Data
2004Q1,2.260208095560756,186.7,5.694431189534354,15248.68,11923.447,1021.876,246.989,1133.669,1699.644,4970.105,1.003225806451613,186.7,0.114594791223632,728.1107282628774,0.137738886015378,0.216900679968611,1299.919,-428.974,-547.956,98.00700000000002,Historical Data
2004Q2,3.087859967576634,188.1666666666667,5.603463256276376,15366.85,12112.815,1035.808,266.759,1170.152,1787.734,5018.844,1.01328125,188.1666666666667,0.115010798481201,733.7314088563336,0.137738886015378,0.216328599316344,1313.977,-396.917,-624.436,72.79500000000002,Historical Data
2004Q3,3.776491954068462,189.3666666666666,5.452139139846645,15512.619,12305.307,1072.879,288.345,1180.185,1832.856,5117.264,1.439375,189.3666666666666,0.115431975016292,745.7243500722808,0.137738886015378,0.215758525463598,1321.207,-365.981,-646.008,81.61200000000001,Historical Data
2004Q4,4.060156528453263,191.4,5.405891795021967,15670.88,12527.214,1104.855,293.555,1221.444,1921.78,5250.883,1.957142857142858,191.4,0.115858295155138,740.3644753067475,0.137738886015378,0.215156618183386,1339.585,-382.09,-725.164,54.43899999999996,Historical Data
2005Q1,4.413020211694629,192.3666666666667,5.29507526161167,15844.727,12767.286,1183.15,370.593,1258.408,1955.063,5403.995,2.480483870967742,192.3666666666667,0.116289726964502,752.6078414862183,0.137738886015378,0.214488352941759,1381.945,-305.229,-683.296,87.07800000000003,Historical Data
2005Q2,1.965660123449453,193.6666666666667,5.127289800270507,15922.782,12922.656,1206.253,359.036,1294.853,2002.063,5356.972,2.94265625,193.6666666666667,0.116726231591931,753.367764055853,0.137738886015378,0.213719607482984,1396.362,-306.677,-722.568,74.34199999999998,Historical Data
2005Q3,3.123032680452553,196.6,4.980116892034081,16047.587,13142.642,1238.598,365.223,1302.315,2053.275,5443.776,3.462343749999999,196.6,0.117167764557029,763.919647389367,0.137738886015378,0.212821866622487,1416.503,-300.591,-752.772,83.02600000000001,Historical Data
2005Q4,2.215916948830454,198.4333333333333,4.970610612827664,16136.734,13324.204,1268.641,402.882,1350.743,2155.529,5584.775,3.976666666666667,198.4333333333333,0.117614274697189,762.5416007468152,0.137738886015378,0.211770695643896,1425.722,-262.532,-838.292,54.75400000000002,Historical Data
2006Q1,5.345655379085201,199.4666666666667,4.733425339463682,16353.835,13599.16,1331.127,416.854,1413.966,2204.784,5726.756,4.467258064516129,199.4666666666667,0.118065703552652,794.7900931569599,0.137738886015378,0.210545806693246,1473.021,-245.289,-798.024,55.79100000000005,Historical Data
2006Q2,1.033674299559806,201.2666666666667,4.671915225621303,16396.151,13753.424,1362.249,427.581,1459.767,2253.809,5656.53,4.90375,201.2666666666667,0.11852198422049,787.551802859827,0.137738886015378,0.209132748698909,1494.473,-230.58,-819.812,49.45299999999997,Historical Data
2006Q3,0.599374416032106,203.1666666666667,4.666577660685267,16420.738,13870.188,1370.424,446.571,1475.417,2298.702,5714.828,5.249365079365077,203.1666666666667,0.118983043041707,775.7799100505606,0.137738886015378,0.207523039344486,1520.691,-212.851,-873.768,36.45799999999997,Historical Data
2006Q4,3.423110226166415,202.3333333333333,4.462871114348232,16561.866,14039.56,1418.943,409.794,1531.531,2269.198,5803.923,5.245645161290323,202.3333333333333,0.119448799089757,793.6265874088115,0.137738886015378,0.20571502288424,1518.947,-199.056,-774.984,44.13700000000006,Historical Data
2007Q1,1.201536246852442,204.317,4.539896274775257,16611.69,14215.651,1478.688,413.646,1577.991,2317.264,5940.824,5.261935483870968,204.317,0.119919164175372,787.2181088403885,0.137738886015378,0.203714734230964,1593.88,-209.84,-801.26,42.94200000000001,Historical Data
2007Q2,2.439593165872367,206.631,4.510605276084545,16713.314,14402.082,1509.627,407.173,1622.764,2368.569,5819.983,5.248906249999999,206.631,0.120394041241237,806.9059632588496,0.137738886015378,0.201534224056138,1584.156,-230.996,-773.336,61.19399999999996,Historical Data
2007Q3,2.297492443722859,207.939,4.679084651981313,16809.587,14564.117,1511.849,370.913,1685.71,2414.664,5941.94,5.09031746031746,207.939,0.120873327577543,814.1283252474644,0.137738886015378,0.199194428665567,1604.866,-278.989,-703.024,117.634,Historical Data
2007Q4,2.505086204877927,210.4896666666667,4.820112924169973,16915.191,14715.058,1525.354,352.745,1750.714,2480.413,6074.315,4.496451612903225,210.4896666666667,0.121356912098736,832.2060414497677,0.137738886015378,0.196723230883833,1641.15,-318.881,-668.576,160.886,Historical Data
2008Q1,-1.710710236012858,212.7696666666667,5.011185954671027,16843.003,14706.538,1549.833,291.925,1813.321,2584.568,6259.453,3.168870967741936,212.7696666666667,0.121844674929115,847.2004582898205,0.137738886015378,0.194153845311708,1675.268,-404.574,-729.136,150.803,Historical Data
2008Q2,2.374650372526332,215.5376666666666,5.351879416134087,16943.291,14865.701,1566.963,278.733,1905.282,2681.686,6217.605,2.0903125,215.5376666666666,0.122336487702922,869.299737900652,0.137738886015378,0.191524287660852,2021.807,-776.446,-719.264,157.509,Historical Data
2008Q3,-2.106569521113499,218.861,6.043409219166096,16854.295,14898.999,1512.849,264.368,1922.215,2709.569,6762.926,1.9575,218.861,0.122832213701651,879.5393149475466,0.137738886015378,0.188873602994799,1811.348,-619.539,-712.776,176.731,Historical Data
2008Q4,-8.853365095794175,213.8486666666667,6.892421221041245,16485.35,14608.209,1468.104,162.552,1700.304,2328.779,7376.817,0.534032258064516,213.8486666666667,0.123331729022894,888.9511590126424,0.137738886015378,0.186241407833515,1777.686,-699.189,-624.916,95.81399999999996,Historical Data
2009Q1,-4.565452543960902,212.3776666666667,8.311657929561711,16298.262,14430.902,1215.914,166.476,1511.768,1932.761,7820.167,0.187049180327869,212.3776666666667,0.123834906149032,900.2489967466903,0.137738886015378,0.183666668291522,1889.877,-1100.323,-397.608,120.682,Historical Data
2009Q2,-0.715242887051204,213.507,9.309448499627148,16269.145,14381.236,1144.848,188.568,1521.093,1879.461,8162.894,0.17859375,213.507,0.124341610466146,923.2615411524844,0.137738886015378,0.181183011240523,2024.207,-1300.847,-348.356,122.766,Historical Data
2009Q3,1.402308618855841,215.344,9.641458177641804,16326.281,14448.882,1146.642,200.681,1594.725,2018.722,8557.508,0.154615384615385,215.344,0.124851706670172,932.5292748290566,0.137738886015378,0.178815413153167,2049.793999999999,-1307.402,-365.536,182.426,Historical Data
2009Q4,4.300454151697863,217.03,9.951066554398114,16502.754,14651.249,1153.178,234.161,1703.508,2176.763,8882.645,0.118709677419355,217.03,0.125365066805273,948.9822279070528,0.137738886015378,0.176582829664241,2047.238,-1264.126,-407.416,175.096,Historical Data
2010Q1,1.933324088271604,217.374,9.854748771419697,16582.71,14764.61,1204.027,249.773,1759.877,2269.069,9343.728999999998,0.13672131147541,217.374,0.125881570731365,958.8948666439552,0.137738886015378,0.174497285141967,2159.562,-1344.417,-412.136,204.2850000000001,Historical Data
2010Q2,3.851739929043418,217.2973333333333,9.683980205613496,16743.162,14980.193,1226.847,255.593,1819.741,2362.255,9692.462,0.191875,217.2973333333333,0.126401104242611,969.1469900229152,0.137738886015378,0.172566214559868,2165.177,-1325.039,-446.944,206.8309999999999,Historical Data
2010Q3,3.072509082001318,217.9343333333333,9.501531417246722,16872.266,15141.607,1268.926,272.561,1877.253,2431.195,10099.248,0.1884375,217.9343333333333,0.126923564504696,966.4780936416456,0.137738886015378,0.170792954151797,2189.827,-1309.148,-466.476,198.106,Historical Data
2010Q4,2.094945457780284,219.699,9.553530469345128,16960.864,15309.474,1306.13,283.996,1972.116,2495.702,10528.562,0.189365079365079,219.699,0.127448858449654,966.495415581908,0.137738886015378,0.169177574520914,2201.199,-1294.842,-402.484,213.3109999999999,Historical Data
2011Q1,-0.949946694419879,222.0436666666667,9.05259542344876,16920.632,15351.448,1440.123,277.286,2040.407,2608.884,10774.648,0.155483870967742,222.0436666666667,0.127976903092847,942.7074762708382,0.137738886015378,0.167716476294557,2209.789,-1244.408,-476.944,222.8870000000001,Historical Data
2011Q2,2.697214987466623,224.5683333333334,9.08686491385252,17035.114,15557.539,1459.368,276.915,2116.132,2697.224,10885.275,0.09328125,224.5683333333334,0.128507624669801,938.723310178648,0.137738886015378,0.16640325824326,2210.03,-1274.405,-477.74,222.471,Historical Data
2011Q3,-0.089260902313981,226.0326666666666,9.03033087645515,17031.313,15647.68,1487.827,248.153,2156.793,2723.903,11276.944,0.08390625,226.0326666666666,0.129040957109956,910.7608904615968,0.137738886015378,0.165230500710828,2200.318,-1218.459,-427.44,245.818,Historical Data
2011Q4,4.467158724585829,227.0473333333333,8.670560114685689,17222.583,15842.259,1487.712,286.997,2150.123,2751.911,11667.25,0.075081967213115,227.0473333333333,0.1295768402614,915.5040480996436,0.137738886015378,0.164188262505847,2209.745,-1199.289,-439.084,260.552,Historical Data
2012Q1,3.340376727516059,228.326,8.263275263804548,17367.01,16068.805,1483.718,310.714,2189.981,2792.253,12049.105,0.106290322580645,228.326,0.130115217970509,915.6159790821156,0.137738886015378,0.163261494940061,2199.263,-1110.394,-455.648,246.188,Historical Data
2012Q2,1.781366506529025,228.808,8.177285247770417,17444.525,16207.115,1503.776,325.041,2215.586,2780.827,12253.605,0.15453125,228.808,0.130656037611627,906.9366009365738,0.137738886015378,0.162431755516614,2230.0,-1093.12,-440.016,228.096,Historical Data
2012Q3,0.575697505944817,229.841,8.015740864167942,17469.65,16319.541,1526.453,332.876,2227.734,2750.817,12503.109,0.146190476190476,229.841,0.131199248032059,911.8825436638168,0.137738886015378,0.161678448926057,2242.471,-1086.744,-395.464,229.211,Historical Data
2012Q4,0.462294966300192,231.3693333333333,7.810942214656125,17489.852,16420.419,1590.912,332.83,2237.498,2753.373,12847.828,0.160967741935484,231.3693333333333,0.131744800046278,887.3513464719288,0.137738886015378,0.16098021046922,2247.803,-1000.485,-381.6,227.2669999999999,Historical Data
2013Q1,3.926903706206275,232.2993333333334,7.748393367645489,17662.4,16648.189,1667.972,350.616,2255.929,2755.277,13195.652,0.144262295081967,232.2993333333334,0.132292645479777,860.1175700086167,0.137738886015378,0.160315821721373,2260.365,-774.26,-363.692,215.897,Historical Data
2013Q2,1.069115306054869,232.045,7.538412921361215,17709.671,16728.687,1700.976,347.25,2261.403,2759.783,13104.008,0.11703125,232.045,0.132842736000889,853.8727577828461,0.137738886015378,0.159664382704558,2276.729,-531.289,-356.644,229.015,Historical Data
2013Q3,3.39115862099888,233.3,7.258868903058513,17860.45,16953.838,1694.862,353.854,2285.116,2767.183,13257.919,0.08546875,233.3,0.133395022382431,843.5758238531047,0.137738886015378,0.159006535849351,2298.71,-703.395,-341.568,240.418,Historical Data
2013Q4,3.47185609530527,234.1626666666667,6.957246902489267,18016.147,17192.019,1718.837,356.649,2349.24,2783.259,13705.127,0.085483870967742,234.1626666666667,0.133949454135606,830.4718887326359,0.137738886015378,0.158324308545233,2264.881,-526.798,-296.164,235.62,Historical Data
2014Q1,-1.382771259864057,235.621,6.630904345973876,17953.974,17197.738,1767.624,392.621,2343.602,2853.69,13954.551,0.072786885245902,235.621,0.134505979152451,820.2401194848572,0.137738886015378,0.157601404298957,2311.647,-556.564,-363.656,237.467,Historical Data
2014Q2,5.134276091659729,236.8723333333333,6.218510249333509,18185.911,17518.508,1779.426,414.281,2395.168,2900.572,13911.001,0.09109375,236.8723333333333,0.135064540262778,815.2974102951708,0.137738886015378,0.156823085214345,2324.546,-580.242,-348.676,228.397,Historical Data
2014Q3,4.832259330312638,237.4783333333333,6.095947750656094,18406.941,17804.228,1819.858,386.705,2399.191,2888.549,14141.265,0.0896875,237.4783333333333,0.135625076358596,831.9599673951603,0.137738886015378,0.155979823062563,2354.177,-627.925,-356.756,252.0020000000001,Historical Data
2014Q4,2.017834406173336,236.8883333333333,5.710701652143513,18500.031,17912.079,1857.355,390.39,2376.218,2906.969,14441.054,0.102096774193548,236.8883333333333,0.136187521435584,815.9389006034803,0.137738886015378,0.155066655166515,2425.463,-611.353,-411.136,222.768,Historical Data
2015Q1,3.585819150769964,235.355,5.526820927602227,18666.621,18063.529,1927.547,402.746,2299.045,2825.476,14519.909,0.114590163934426,235.355,0.136751804729921,820.3044004577696,0.137738886015378,0.154080672390798,2472.662,-578.681,-397.58,222.741,Historical Data
2015Q2,2.469978633014591,236.96,5.432618615796125,18782.243,18279.784,1965.722,408.311,2300.441,2809.968,14505.616,0.1259375,236.96,0.13731785364706,825.0878184139158,0.137738886015378,0.153021469370869,2491.376,-545.377,-397.9,211.9830000000001,Historical Data
2015Q3,1.597784846276085,237.855,5.117347016228068,18857.418,18401.626,1971.555,380.224,2260.724,2798.806,14600.73,0.135692307692308,237.855,0.137885595234695,824.2979838427411,0.137738886015378,0.151892654316423,2527.96,-565.247,-439.708,213.16,Historical Data
2015Q4,0.737236690842025,237.837,5.030321075678423,18892.206,18435.137,1987.442,349.317,2222.279,2745.517,15165.626,0.160806451612903,237.837,0.138454955308841,832.9691191198506,0.137738886015378,0.150702676655547,2450.03,-540.453,-398.628,232.63,Historical Data
2016Q1,2.311386607388499,237.6893333333333,4.896395148920119,19001.69,18525.933,1949.931,364.104,2181.957,2693.639,15401.755,0.365806451612903,237.6893333333333,0.139025858834168,831.6053970245873,0.137738886015378,0.149463609415879,2550.583000000001,-638.761,-416.06,214.626,Historical Data
2016Q2,1.282438265069175,239.5903333333333,4.918962252389091,19062.709,18711.702,1967.568,367.137,2221.936,2711.306,15409.707,0.37,239.5903333333333,0.139598224526696,824.5302398439907,0.137738886015378,0.148190455168687,2564.099,-654.562,-401.924,215.7470000000001,Historical Data
2016Q3,2.827543676441735,240.6073333333333,4.883974836928573,19197.938,18892.639,1996.035,375.514,2270.0,2751.229,15668.297,0.3953125,240.6073333333333,0.140171969067981,830.2858531058437,0.137738886015378,0.146901298734778,2606.069,-681.769,-398.248,219.824,Historical Data
2016Q4,2.21107411448429,242.1346666666667,4.779467196333654,19304.352,19089.379,2017.684,353.426,2268.339,2799.145,16008.291,0.449180327868853,242.1346666666667,0.140747005756882,831.9151017656253,0.137738886015378,0.145618237471423,2597.077000000001,-694.117,-368.632,275.2629999999999,Historical Data
2017Q1,1.942834932414428,243.8386666666667,4.569048140015253,19398.343,19280.084,2028.245,266.907,2339.728,2873.148,16005.625,0.703870967741935,243.8386666666667,0.141323245117663,826.3784363158686,0.137738886015378,0.144367816702176,2605.436,-710.078,-341.852,272.273,Historical Data
2017Q2,2.233244405191215,244.12,4.361804498360289,19506.949,19438.643,2037.088,279.589,2349.681,2903.18,15964.128,0.952812499999999,244.12,0.141900592597342,834.3091526935658,0.137738886015378,0.143179249508456,2657.886,-727.8,-415.76,264.1619999999999,Historical Data
2017Q3,3.141726102739284,245.287,4.313609699815935,19660.766,19692.595,2080.123,295.695,2384.524,2916.022,16267.151,1.155555555555554,245.287,0.142478946970856,832.9133059699601,0.137738886015378,0.142078232540225,2691.054000000001,-741.8049999999998,-343.064,308.455,Historical Data
2017Q4,4.48297110775755,247.2383333333333,4.171687669893654,19882.352,20037.088,2149.564,296.924,2479.107,3034.004,16606.939,1.201774193548386,247.2383333333333,0.143058201378521,849.3451050206053,0.137738886015378,0.141088056540753,2713.145,-767.505,-369.784,326.91,Historical Data
2018Q1,3.240477819667831,249.3216666666667,4.026134698759487,20044.077,20328.553,2096.48,270.359,2517.268,3093.299,17070.617,1.447903225806453,249.3216666666667,0.143638243093161,862.8761987301742,0.137738886015378,0.140230469247334,2744.156,-884.277,-387.692,314.8219999999999,Historical Data
2018Q2,2.11768492150739,250.679,3.921679034629488,20150.476,20580.912,2083.765,289.505,2562.172,3105.995,17114.196,1.737187500000001,250.679,0.144218952397285,870.2329355784243,0.137738886015378,0.139525468062149,2774.226,-901.061,-376.616,303.4710000000001,Historical Data
2018Q3,2.487041930090328,251.6863333333333,3.785404924679048,20276.154,20798.73,2110.728,287.142,2535.501,3153.747,17440.621,1.923492063492064,251.6863333333333,0.144800201773322,885.7570420666285,0.137738886015378,0.138989419999058,2766.935,-879.8099999999998,-477.796,268.2439999999999,Historical Data
2018Q4,0.566175993273532,252.711,3.831754168962465,20304.874,20917.867,2108.591,293.33,2537.415,3171.622,17865.026,2.21709677419355,252.711,0.14538185498396,895.2826396909519,0.137738886015378,0.13863595424618,2818.656000000001,-960.39,-517.292,274.6920000000001,Historical Data
2019Q1,2.489509162906955,253.3856666666667,3.849858818512786,20431.641,21111.6,2181.163,269.179,2540.244,3132.539,18143.779,2.401311475409838,253.3856666666667,0.145963764758236,916.5480293677938,0.137738886015378,0.138475902501902,2913.221,-1035.649,-460.516,292.3149999999999,Historical Data
2019Q2,3.326711173158259,255.2473333333333,3.650814804759694,20602.275,21397.938,2244.288,282.428,2547.448,3165.41,18053.021,2.3978125,255.2473333333333,0.146545773469986,916.2978489352844,0.137738886015378,0.138517487906379,2939.837,-1055.432,-468.028,292.915,Historical Data
2019Q3,4.652841032363852,256.0893333333333,3.61215088091893,20843.322,21717.171,2222.062,280.986,2532.405,3117.952,18616.233,2.1978125,256.0893333333333,0.1471277159702,930.751243342133,0.137738886015378,0.138764702215993,2951.453,-1064.674,-440.632,279.7459999999999,Historical Data
2019Q4,2.718254387221464,257.888,3.562622331640952,20985.448,21933.217,2253.06,302.213,2537.466,3050.824,19039.898,1.650483870967741,257.888,0.147709418573892,937.4164816132276,0.137738886015378,0.139217857215633,2988.849000000001,-1019.414,-397.832,262.6059999999999,Historical Data
2020Q1,-5.608905961007338,258.7673333333333,3.825968590934847,20693.238,21727.657,2276.168,255.928,2416.181,2929.759,19539.608,1.232903225806452,258.7673333333333,0.148290697603654,949.1318254416168,0.137738886015378,0.139873150542454,3052.63,-1072.413,-402.128,271.2919999999999,Historical Data
2020Q2,-32.95703595805222,256.326,12.98269517459628,19056.617,19935.444,2133.639,266.034,1814.401,2350.926,22391.682,0.05875,256.326,0.148871359049854,1047.295435469359,0.137738886015378,0.140723816867187,5351.612,-5349.867,-601.444,178.4110000000001,Historical Data
2020Q3,30.15512563270093,259.2416666666667,8.812323196936834,20548.793,21684.551,2275.172,340.107,2105.083,2801.482,22920.579,0.092769230769231,259.2416666666667,0.149451199523431,991.7088333700816,0.137738886015378,0.141758907704469,4238.540999999999,-3362.884,-675.716,209.877,Historical Data
2020Q4,4.315538261194973,261.0496666666667,6.733209497983738,20771.691,22068.767,2406.75,333.622,2268.891,3027.199,23621.06,0.089032258064516,261.0496666666667,0.15003011742733,996.9222467672416,0.137738886015378,0.14296527422382,3591.207,-1977.844,-725.516,186.808,Historical Data
2021Q1,5.48299324242052,263.6703333333333,6.22514798129542,21058.379,22656.793,2578.096,373.082,2381.224,3176.982,23962.809,0.076393442622951,263.6703333333333,0.150608053860171,1055.618335126386,0.137738886015378,0.144326871760229,5880.261,-4170.417,-758.016,183.4630000000001,Historical Data
2021Q2,6.231388706069652,268.6226666666666,5.919629444400876,21389.005,23368.861,2706.203,437.593,2505.032,3340.114,24321.359,0.06875,268.6226666666666,0.151184961062538,1023.729990860235,0.137738886015378,0.145825990291873,4174.349999999999,-3359.541,-844.9400000000002,129.992,Historical Data
2021Q3,3.396932727143565,272.89,5.115873178177576,21571.421,23921.991,2781.773,463.858,2570.103,3458.783,24449.968,0.0903125,272.89,0.151760900056945,996.709925543925,0.137738886015378,0.147442729335727,3933.237,-2270.413,-939.972,135.4209999999999,Historical Data
2021Q4,7.148379282892847,278.6803333333333,4.167380147513633,21960.388,24777.038,2880.152,526.0,2765.36,3685.956,25304.484,0.07952380952381,278.6803333333333,0.152335960590924,1010.034371549709,0.137738886015378,0.149156242905011,3730.16,-1554.694,-928.992,161.7329999999999,Historical Data
2022Q1,-1.031145806015843,284.826,3.832182044486843,21903.85,25215.491,3289.093,550.412,2848.698,3925.742,26035.871,0.124354838709677,284.826,0.1529102462569,978.540856808642,0.137738886015378,0.15094573695026,3806.467,-897.423,-1167.276,117.651,Historical Data
2022Q2,0.280619316335873,291.7063333333334,3.656638446677241,21919.222,25805.791,3332.031,574.71,3071.551,4093.663,26070.381,0.758571428571428,291.7063333333334,0.15348386165911,971.7070701670804,0.137738886015378,0.152792976128583,3832.402,-907.8920000000002,-1052.396,160.9740000000002,Historical Data
2022Q3,2.683809092822287,295.509,3.551340939272662,22066.784,26272.011,3258.703,561.226,3102.55,3988.447,26488.094,2.2009375,295.509,0.154056910724077,971.1711310770372,0.137738886015378,0.154683596638026,3903.022,-1052.542,-922.116,176.5649999999998,Historical Data
2022Q4,3.297680891456878,298.441,3.56879922066663,22249.459,26734.277,3236.845,569.086,3046.718,3897.402,26851.376,3.649672131147545,298.441,0.154629492671061,1002.952888596072,0.137738886015378,0.156606421969807,3967.501000000001,-1223.287,-906.604,141.8979999999999,Historical Data
2023Q1,2.758640643496335,301.203,3.501975905356491,22403.435,27164.359,2869.036,592.933,3060.562,3874.21,27248.228,4.521935483870969,301.203,0.155201701194364,1016.738084185386,0.137738886015378,0.158551729474369,4001.965,-1637.544,-921.3200000000002,100.066,Historical Data
2023Q2,2.420556878615088,303.4666666666666,3.549721813154316,22539.418,27453.815,2864.103,591.864,2995.524,3799.003,27766.009,4.98730158730159,303.4666666666666,0.155773623814158,1013.457944064284,0.137738886015378,0.160511526024648,4037.59,-1659.479,-930.412,104.732,Historical Data
2023Q3,4.263290657979013,306.0343333333333,3.685009095029357,22780.933,27967.697,2901.328,617.7819999999999,3062.041,3843.132,28668.652,5.262380952380953,306.0343333333333,0.156345339856617,1031.586349159069,0.137738886015378,0.162480250448069,4016.667000000001,-1677.18,-882.636,100.501,Historical Data
2023Q4,3.142315741588675,308.099,3.752573285111316,22960.6,28296.967,2930.194,631.6899999999999,3091.748,3882.899,29471.81,5.330000000000001,308.099,0.156916919375376,1032.317649524126,0.137738886015378,0.164454116135112,3992.031,-1691.417,-887.136,94.88200000000006,Historical Data
2024Q1,1.615940079437905,310.9896666666667,3.78071766691872,23053.545,28624.069,3002.343,630.25,3125.421,3966.989,30039.201,5.330000000000001,310.9896666666667,0.157488419481612,1028.553609866697,0.137738886015378,0.166430859711805,4101.540999999999,-1746.147,-963.936,82.19100000000003,Historical Data
2024Q2,2.945050185764586,313.1603333333333,3.960745373745156,23223.906,29016.714,3043.035,657.395,3154.321,4061.192,30153.18,5.33,313.1603333333333,0.158059881161363,1043.192608293909,0.137738886015378,0.168408843121497,4219.362,-1791.566,-1100.124,59.90100000000007,Historical Data
2000Q1,1.4502963464707364,170.1280292790168,4.03111403600024,13878.20767342235,10004.217745886986,1216.4229044288206,237.17919979209253,1052.3769134021038,1405.6648608742169,4326.86143573482,6.732002684908999,170.1280292790168,0.108373716317443,542.8926405289752,0.137738886015378,0.238861349302224,950.4916198614335,173.91777945155522,-382.2047226336099,26.683206539114625,FRB/US
2000Q2,6.579162076041456,171.44232134564783,4.040829907761113,14108.362712878434,10234.960162815933,1236.6497192442434,233.9774747831261,1091.0428974131253,1447.1137687986063,4150.443995310509,7.110410941204937,171.44232134564783,0.108704407637914,562.1423719029127,0.137738886015378,0.237089037695671,977.882446450382,137.9717121068629,-387.3286418179595,27.50006040026173,FRB/US
2000Q3,0.031029276500760095,172.97782260883554,4.179105924501354,14109.45718604777,10297.040704768302,1251.6654301119993,215.37702572314794,1120.7457938797625,1501.9738017352622,4115.064696401361,7.172365836131977,172.97782260883554,0.109040066886546,552.4143820530925,0.137738886015378,0.235266203156408,990.2039613171395,143.09901608210902,-412.8261850285949,22.93464675457449,FRB/US
2000Q4,1.8268825740292982,174.20352001047215,4.129747996116864,14174.045371218363,10399.965289063784,1259.8358483660184,216.29369683667238,1106.9418920995865,1504.3471417416486,4104.69565584518,6.99964236538139,174.20352001047215,0.109380760853581,554.7191499477545,0.137738886015378,0.233412537911002,1007.0211296392883,134.81948861468575,-419.33254520999367,46.558166822981335,FRB/US
2001Q1,-1.5214608347790206,175.85382053722492,4.468874724353806,14120.234637493191,10427.790052719523,1300.616978105381,180.78683020604268,1089.1941239453943,1477.5616026894852,4145.601056303036,5.9667173674359155,175.85382053722492,0.109726546506346,570.0599244374089,0.137738886015378,0.231552607753602,1041.4633837940205,100.30680031296455,-420.03390815375155,34.303325633999755,FRB/US
2001Q2,2.2964420027157924,177.08436498927213,4.676572445683217,14201.533536723478,10549.455064686632,1304.4397936431453,174.66034782309742,1049.436574174261,1402.2717348938172,4008.955004446758,4.555654164789477,177.08436498927213,0.110077470842707,582.4942308412506,0.137738886015378,0.229717726843516,1072.9177855723747,61.305521747447415,-374.40779588539255,43.83970016820859,FRB/US
2001Q3,-1.7008550046774928,177.54515692719863,5.079237707095409,14141.27486811407,10544.608699142427,1108.795521967912,155.30436592994513,989.947155297066,1352.119713079881,4102.2515921688555,3.6001792866398605,177.54515692719863,0.110433572317617,587.6898230593198,0.137738886015378,0.227940002468489,1080.2886541408927,-165.62945253248913,-408.4110504458903,21.866166698276704,FRB/US
2001Q4,1.0566012430381018,177.41667074142893,5.804973261380665,14178.678468738433,10604.246597650472,1225.7876649716457,138.8013251701804,944.4476387477416,1308.6398511570164,4202.035697816207,2.1698539893753206,177.41667074142893,0.110794881899888,598.3466831748669,0.137738886015378,0.22625026808979,1127.7143108164873,-71.22895515746279,-349.53028069551266,85.93229201029983,FRB/US
2002Q1,3.343815889689239,177.95343335206832,5.957847566625194,14297.702494536074,10725.86690026693,1067.8838811828662,140.2646843008098,959.7017908224935,1343.5646864419368,4252.11666166359,1.6773940035019732,177.95343335206832,0.111161422276066,622.8651692077202,0.137738886015378,0.224675924390608,1159.2406666703607,-264.44933979245855,-408.28359997253955,48.71850053568007,FRB/US
2002Q2,2.5131827765513037,179.34309140519193,6.088982391563402,14387.817140446352,10829.94390983905,1043.6525086418412,146.7534395606778,994.3873773094202,1421.5998091375075,4292.834518145215,1.6288897828232505,179.34309140519193,0.111533211022401,639.0990079747417,0.137738886015378,0.223237345555239,1179.1684005356146,-300.63412527299374,-457.5353647605675,30.961529646291552,FRB/US
2002Q3,1.7329514716280412,180.28422155619256,5.952084261509357,14450.28583397312,10927.553032624666,1036.8514609325039,155.03539807733398,1005.9232517729864,1454.6395561478735,4405.147574519237,1.571171235602719,180.28422155619256,0.111910262128689,646.0846366682815,0.137738886015378,0.221945627881899,1190.4271418093458,-315.9385239393972,-459.69525294040847,44.30318324446463,FRB/US
2002Q4,0.6342457979208405,181.34148920503563,6.061923600254802,14473.216591511944,11006.945085945901,1032.0346522010252,172.82810197573744,993.9319109320007,1493.1118868192877,4529.223169718886,1.242970367603647,181.34148920503563,0.112292586330221,661.185490881732,0.137738886015378,0.220802989763593,1207.0014266065127,-340.0210576619449,-497.24967130867805,60.59584329649062,FRB/US
2003Q1,2.257733220545077,183.1676270795,6.076883010751999,14555.139228107419,11122.015053923747,1014.8258943226238,193.9768982683296,995.6085496208489,1525.3106667500215,4629.390840920042,1.0196047255128382,183.1676270795,0.112680190652636,666.5918590944827,0.137738886015378,0.219803396761454,1226.1733397266419,-362.8132840611847,-543.8013162396633,45.55683561447719,FRB/US
2003Q2,3.6922210998696414,182.87955353362534,6.322043909182494,14690.113192330926,11263.062477791562,1018.0179501972411,191.02896549384994,999.4653933118426,1525.448930638498,4704.623369678789,1.0054763950206742,182.87955353362534,0.113073078340461,697.0306037737461,0.137738886015378,0.218933306258005,1242.9094936416661,-416.3954269297309,-520.9768618144283,58.7532604392709,FRB/US
2003Q3,6.7691999960779015,184.21822540771245,6.26076006637383,14940.829429701887,11519.200406561347,946.7208628193364,212.72749290066244,1029.770974317136,1556.095715269283,4828.728462368987,0.76293997003488,184.21822540771245,0.113471248746759,698.3386615503816,0.137738886015378,0.218175244735002,1260.1321217293098,-494.9066528800194,-524.994862519027,57.153960530492284,FRB/US
2003Q4,4.788502418500684,184.92106888496906,5.946416353055768,15120.764801665366,11727.264418877448,1020.0987884608471,235.89804800763602,1084.500363056245,1616.6296246674451,4981.44165498705,0.7513181397498785,184.92106888496906,0.11387469748381,718.9082835488105,0.137738886015378,0.217506359090276,1260.9103319906424,-424.46422950652016,-515.4822698996143,82.33581219182506,FRB/US
2004Q1,2.4254561160574895,186.47195025643427,5.789270444936738,15212.730221166203,11881.301312587848,1011.9794649650478,246.6365233644378,1126.9767973375178,1701.9911242042547,5108.890760208828,0.765102763354763,186.47195025643427,0.114283416471711,728.1430398443714,0.137738886015378,0.216900151157104,1301.4735603382517,-447.5094321402477,-553.9384137579116,100.8877871814506,FRB/US
2004Q2,3.242404863549808,187.9165946420044,5.6845325024739255,15336.545945223945,12072.933607537047,1027.260845619807,266.87735851116105,1164.0039857133822,1791.161378016304,5160.108864404048,0.7899559008102031,187.9165946420044,0.114697392178025,733.6554911735681,0.137738886015378,0.216328019789282,1314.5046569799624,-411.8040329689331,-630.9325968932443,75.68595236152058,FRB/US
2004Q3,3.920562293515673,189.10263438253725,5.513096510833483,15487.604739535527,12267.879758880928,1065.7238784410456,288.91295567916586,1174.7060853253702,1836.9451629602477,5261.671754561886,1.2343791031586913,189.10263438253725,0.115116606946076,745.5403108544482,0.137738886015378,0.215757894368897,1320.7842091038476,-377.53516814633167,-652.5794788822141,84.4233324864722,FRB/US
2004Q4,4.191276240469932,191.13433185876227,5.450648660378192,15650.740002559252,12491.895440192857,1099.164832891794,294.5474650125237,1216.454826232856,1926.2199509247591,5398.287565557027,1.7729353429332229,191.13433185876227,0.115541038174976,740.0846393393949,0.137738886015378,0.215155935220558,1338.225346798088,-390.28538449979663,-731.7865428483295,57.04151023090517,FRB/US
2005Q1,4.532142603108014,192.09645713251024,5.324603779622167,15829.076868676182,12733.84140032818,1178.850043829312,372.05100274234536,1253.8940758822725,1959.7602474044097,5554.6153868380225,2.3186025407133375,192.09645713251024,0.115970657036629,752.2340381258836,0.137738886015378,0.214487618460544,1379.6394822190803,-310.21519196028845,-689.9583228353711,89.43049455848407,FRB/US
2005Q2,2.0674557596464638,193.36025378194532,5.13986819127919,15911.103459354972,12891.02923355303,1203.4181118080435,360.6866691001154,1290.7752485224755,2006.730157452988,5504.503916396945,2.8036599986667614,193.36025378194532,0.116405427815485,752.9152423983259,0.137738886015378,0.213718822590066,1393.2658157068627,-309.07000718530503,-729.1169320975032,76.29307257070253,FRB/US
2005Q3,3.211557545884602,196.29664389260037,4.980438712785179,16039.3662353907,13112.417430948619,1237.1734218664042,367.0717478172785,1298.706484410746,2057.611876021834,5591.209827279462,3.3461254376610468,196.29664389260037,0.11684530919439,763.3932495960102,0.137738886015378,0.212821033296207,1412.6766253063322,-300.4721865889451,-759.0004936202328,84.50677564385674,FRB/US
2005Q4,2.28978077616091,198.08795290752062,4.960840457326743,16131.446118542908,13294.771061645455,1268.591073427339,404.84294179779675,1347.428972388193,2159.5100692540987,5733.159010873231,3.882551141696038,198.08795290752062,0.117290253201153,761.9608009085507,0.137738886015378,0.211769816856963,1421.234838835317,-260.07789643457255,-844.2706156672501,55.81860110879556,FRB/US
2006Q1,5.404134316617615,199.12529127692775,4.714620642022719,16350.866254729437,13570.143474318973,1332.30833616511,418.90287648981985,1410.8649992765481,2208.25968504814,5875.542407601862,4.3940678310411,199.12529127692775,0.117740204591795,794.1364296360958,0.137738886015378,0.210544886542884,1467.871519345672,-240.59444348187424,-803.6722352662977,56.536910343788904,FRB/US
2006Q2,1.0811824641031367,200.92471622547663,4.646146685531794,16395.12171273552,13724.851617235,1364.5924175826506,429.6341505387265,1456.8669760393827,2256.558166424581,5799.937849756764,4.849924847726862,200.92471622547663,0.118195099704595,786.8677660504037,0.137738886015378,0.209131792544202,1488.8227505465702,-224.21660979264388,-824.955941540356,49.737822741871774,FRB/US
2006Q3,0.6347754863121227,202.81348980919685,4.635321036928338,16421.160421584398,13841.782750480488,1373.8204349929656,448.59149317183557,1472.7188003762951,2300.617902701249,5855.886542576989,5.213080473266215,202.81348980919685,0.118654868138452,775.0812191418587,0.137738886015378,0.207522053950135,1514.6061266207778,-205.29117119633747,-878.1574521702762,36.425536294264944,FRB/US
2006Q4,3.448112983146956,201.94158599648492,4.429075664708085,16563.327341849905,14011.064539521256,1423.249112039109,411.7219809374606,1528.9032680003863,2270.232172188565,5943.2055686994945,5.2249758812183575,201.94158599648492,0.119119432239517,792.8958466557997,0.137738886015378,0.205714016569984,1512.6101301728825,-190.61007796496332,-778.6767173340072,43.864331325465585,FRB/US
2007Q1,1.2193832659903596,203.9139862307153,4.503002955151247,16613.896992894766,14186.766328085401,1483.7853861348874,415.4872547209166,1575.3980744386722,2317.3685508119097,6079.05261976541,5.254880969955463,203.9139862307153,0.119588707101234,786.4871280128082,0.137738886015378,0.203713717025517,1587.1150293964963,-200.44930500123562,-804.2816703014258,42.30484309040269,FRB/US
2007Q2,2.4497417845779523,206.22973333571147,4.470585430986357,16715.95859878292,14372.554136550703,1515.461767765653,408.81760655210155,1620.1602687421173,2367.721116235036,5951.042965793013,5.2534794578616415,206.22973333571147,0.120062598960474,806.1582703902027,0.137738886015378,0.201533207854443,1577.2777630469313,-221.11319444327765,-775.8560437518103,60.164062441222924,FRB/US
2007Q3,2.2990762350943323,207.50049338569235,4.639347839419173,16812.313400214556,14533.763966811444,1518.2168855998364,372.3621864307966,1683.021929322393,2412.8514057584707,6070.852166432675,5.104416531390838,207.50049338569235,0.12054100839862,813.3830301017223,0.137738886015378,0.199193427387734,1597.846441050033,-268.8084756286365,-704.972944562186,116.28506937751231,FRB/US
2007Q4,2.5015392913410044,210.02703653214292,4.781027387260713,16917.784512999777,14683.637082144543,1532.1205208037723,354.00507168541765,1747.8991909892866,2477.6448153094434,6200.9184800542935,4.518127186790754,210.02703653214292,0.121023827622191,831.4591519146691,0.137738886015378,0.196722260633919,1633.9825335998992,-308.3575706789942,-669.8938898130906,159.3140670562522,FRB/US
2008Q1,-1.7211611834980547,212.3107016904983,4.9762284644741595,16845.14531973921,14674.16208400758,1556.8564066026117,292.9411219134331,1810.3451581986853,2580.782600339065,6384.150699028445,3.196189714049669,212.3107016904983,0.121510940045049,846.460437567006,0.137738886015378,0.194152924534172,1668.0058765239648,-393.76449963638066,-729.6966523793647,149.1041713481221,FRB/US
2008Q2,2.361230413934123,215.0544743678727,5.319706582550457,16944.877567291507,14832.039870163051,1573.9855433155,279.5944491959642,1902.064609169154,2676.882728260929,6333.739892620492,2.1215802313592698,215.0544743678727,0.122002220583853,868.5640690059956,0.137738886015378,0.191523437292143,2013.5565894006672,-764.4827528984351,-719.1161142795902,155.76705552059832,FRB/US
2008Q3,-2.1260549408829372,218.398319918649,6.014653285752292,16855.052144304507,14864.101225773882,1519.9004142373697,265.0598214748471,1918.8556077300752,2703.915177255566,6882.183227381103,1.9910638648454324,218.398319918649,0.122497535789656,878.8223005556669,0.137738886015378,0.18887284660724,1803.8302844338743,-608.4300791423865,-711.9705144772356,174.93228565909376,FRB/US
2008Q4,-8.875028585152478,213.41685742806004,6.869974217236896,16485.197728773026,14573.066866850564,1475.0009005280024,163.088154454437,1697.2256287144542,2323.049820637535,7499.92183480782,0.5683716130142703,213.41685742806004,0.122996764946469,888.2553959032116,0.137738886015378,0.186240771768159,1770.4384484001484,-688.9098438946125,-623.5949496887185,94.20539060158788,FRB/US
2009Q1,-4.584792454538444,211.9011230903493,8.292853530181882,16297.323465864381,14395.174345634563,1222.658673196246,166.91864668242,1508.933361037951,1927.3710694111185,7942.165790038799,0.22109909394971147,211.9011230903493,0.12349978368454,899.5735158899816,0.137738886015378,0.183666181776368,1882.4637577673022,-1089.815097564681,-396.3130216510288,119.1273825895761,FRB/US
2009Q2,-0.738910675816129,213.03970270750344,9.295258100224123,16267.245589756936,14344.396241452869,1151.3625777855773,188.87023398997638,1518.1357204002056,1873.8752913447727,8281.4464858367,0.21144712064033144,213.03970270750344,0.12400646050365,922.5977650010965,0.137738886015378,0.181182706489851,2016.5514553085343,-1290.323838649009,-346.9651845305654,121.186070578869,FRB/US
2009Q3,1.3782578898229758,214.8486375168037,9.630025935339276,16323.393415885714,14410.749733701477,1152.7901211559256,200.87542855259866,1591.5133443194102,2012.4254370639876,8673.5307869456,0.1855447216204789,214.8486375168037,0.124516663149986,931.885820071587,0.137738886015378,0.178815325443615,2042.233967705446,-1297.4601464705502,-363.7022099010754,180.79784407107982,FRB/US
2009Q4,4.2759783115386085,216.5380004021375,9.940644486066013,16498.82561616052,14611.52133243191,1159.056090687514,234.2213554130612,1699.9670260669423,2169.707099990407,8995.597225322885,0.1408295102777395,216.5380004021375,0.125030266622286,948.3545859280657,0.137738886015378,0.176582997382377,2039.8661015512216,-1254.7939554540105,-405.08991353730966,173.575149926588,FRB/US
2010Q1,1.915528024135682,216.8751005145615,9.847911131739524,16578.025007705484,14723.716326539385,1209.5074866076202,249.7261770380132,1756.12303224033,2261.511089739237,9455.023648545997,0.1569803562422,216.8751005145615,0.125547153632512,958.2875347853869,0.137738886015378,0.174497749798008,2152.004481494241,-1335.3002893425023,-409.482883681223,202.8080108885469,FRB/US
2010Q2,3.8353675259592985,216.7929481720788,9.67879189752105,16737.74656951556,14937.916175036176,1232.1024031805134,255.4510829578996,1815.7721759566289,2354.2280158982066,9801.071902453668,0.20994892928178624,216.7929481720788,0.126067212730275,968.5595927846373,0.137738886015378,0.172567020761479,2157.7509490119237,-1316.5099652431495,-443.995622049186,205.38267154103607,FRB/US
2010Q3,3.060462346638815,217.4235497030739,9.498834314794255,16866.300844640667,15098.240033295278,1273.8369681938273,272.3075833914982,1873.0817558353417,2422.8061023654855,10206.026543141672,0.20419686288064576,217.4235497030739,0.126590343725849,965.9174354139307,0.137738886015378,0.17079414953149,2182.467370747412,-1301.155168578168,-463.32664923471776,196.7010785864123,FRB/US
2010Q4,2.0831714732253204,219.20112613417797,9.552216043416005,16954.36846247191,15264.945999544914,1310.7263486989598,283.6431763383496,1967.6599308350708,2487.0240744412918,10633.905487790686,0.202691810374904,219.20112613417797,0.127116456090714,965.959485297502,0.137738886015378,0.169179209610059,2193.915427964912,-1287.32995649555,-399.38720174381126,211.90491273317807,FRB/US
2011Q1,-0.9594750510274256,221.547500443485,9.05386430975374,16913.74896482701,15306.19136433751,1444.3178270471221,276.8925299554323,2035.7312564624629,2599.815816528334,10877.01016145615,0.16635193161987752,221.547500443485,0.127645469268636,942.206844632766,0.137738886015378,0.167718604336635,2202.566695229906,-1237.2630530184128,-473.51103758606524,221.52624104009308,FRB/US
2011Q2,2.68987088773045,224.03552750106968,9.089803924381885,17027.87175658856,15511.149435414174,1463.2544634255257,276.4877139311058,2111.2330458661695,2687.8911007959096,10983.518017271304,0.09328125,224.03552750106968,0.128177311804698,938.2444868081241,0.137738886015378,0.166405934938356,2202.887939160848,-1267.5810982546461,-474.08419386186875,221.3283287728249,FRB/US
2011Q3,-0.09059801806117186,225.49560283230855,9.034588010269994,17024.01546473818,15600.789950960485,1491.4323373335276,247.75754002016802,2151.775121305984,2714.519130695444,11373.813712298643,0.08390625,225.49560283230855,0.128711919807037,910.3123036808289,0.137738886015378,0.165233783883135,2193.272110063006,-1211.9709832029341,-423.86694682654837,244.69966645986358,FRB/US
2011Q4,4.46503997810197,226.49764699389502,8.675540199985434,17215.112323448964,15794.512589569009,1491.0449811714436,286.4910195444274,2145.1049091751165,2742.5466831675008,11762.836114547435,0.075081967213115,226.49764699389502,0.129249235162612,915.0679642404449,0.137738886015378,0.164192211685416,2202.7265440554997,-1193.0162820734324,-435.5099090550185,259.4795524700922,FRB/US
2012Q1,3.3402841346820367,227.76475000991084,8.269552106851915,17359.472656633843,16020.174324949512,1486.8966372088487,310.1224435279968,2184.860767463861,2782.8052694649955,12143.574298661326,0.106290322580645,227.76475000991084,0.129789203612067,915.1929315781887,0.137738886015378,0.163266170849852,2192.316251544957,-1104.3675473357332,-452.07764793277937,245.1248715556383,FRB/US
2012Q2,1.7795685808657422,228.2390404458169,8.18599821985074,17436.875639159818,16157.822915404624,1506.6568910584358,324.3899255754668,2210.3921858681024,2771.4661292073756,12345.695892731128,0.15345963096751,228.2390404458169,0.130331774270974,906.5299085111951,0.137738886015378,0.16243721945537,2222.98955907275,-1087.2301487923037,-436.53794105968774,227.09060878388374,FRB/US
2012Q3,0.5754402385086624,229.23404716880887,8.025685284225009,17461.97839093894,16269.723656520782,1528.9624543297748,332.18952830063137,2222.5014551146573,2741.5759998083577,12593.233857301935,0.14416034885514553,229.23404716880887,0.130876897574837,911.4847286394171,0.137738886015378,0.161684762037743,2235.4470826797324,-1080.998396589989,-392.1274539876478,228.2265285330038,FRB/US
2012Q4,0.46225504156751657,230.79636154235172,7.820784482882322,17482.169774520262,16370.154401402386,1593.2266180713214,332.12583366628076,2232.2324894773037,2744.1689737628544,12936.85136300321,0.15808405608750248,230.79636154235172,0.131424525764301,886.9740989149908,0.137738886015378,0.160987432889265,2240.782377211536,-994.8229501584897,-378.3444283894184,226.29770149078348,FRB/US
2013Q1,3.9276376558120774,231.68523533802835,7.760119891947337,17654.674378779106,16597.12417467928,1669.5742573699617,349.8573159057887,2250.6098714288846,2746.1058061238546,13284.265535907442,0.1406400849682398,231.68523533802835,0.131974611924474,859.760310876586,0.137738886015378,0.160324011590242,2253.324002825986,-769.5490672976184,-360.5430376417917,214.946665569436,FRB/US
2013Q2,1.070207217449593,231.44314154783572,7.55307951183391,17701.973024608826,16677.279837824382,1702.2855127629844,346.4709942059484,2256.055994176735,2750.6164590698695,13189.984432849773,0.11703125,231.44314154783572,0.132527108813019,853.5255369809403,0.137738886015378,0.159673595039269,2269.659862263899,-527.4125376815475,-353.59965268795565,227.9709456716913,FRB/US
2013Q3,3.39014347555775,232.69687042001755,7.274318894488081,17852.641176915655,16901.554577101324,1695.9652183158726,353.0356246231599,2279.6870334755026,2757.999522473301,13342.487067784352,0.08546875,232.69687042001755,0.13308196811715,843.2403947458787,0.137738886015378,0.159016821263779,2291.59152403546,-699.1903188280426,-338.58968042864575,239.33402574848904,FRB/US
2013Q4,3.4714519495153695,233.5576737492152,6.970137893449802,18008.25190923722,17138.86116887772,1719.6877653433999,355.79765014124484,2343.6260049741277,2773.9862362384206,13790.611004360228,0.085483870967742,233.5576737492152,0.133639140079929,830.1486840988049,0.137738886015378,0.158335711810697,2257.8840450384787,-523.3112378138023,-293.3148637438083,234.50916819976553,FRB/US
2014Q1,-1.384199859360535,235.00676450950604,6.646561602967953,17946.042060497366,17144.386574463686,1768.1995033785668,391.6682471677761,2337.9620480310273,2844.1712553620205,14039.654316116836,0.072786885245902,235.00676450950604,0.13419857313486,819.9276410089942,0.137738886015378,0.15761396273714,2304.5261072445805,-553.1015885738833,-360.61529070866027,236.34845827910374,FRB/US
2014Q2,5.1341066568518565,236.25588162327278,6.235681427967485,18177.86889245025,17464.0762402984,1779.8348242535444,413.24280247763676,2389.3623346496156,2890.8690145816213,13993.95298100527,0.09109375,236.25588162327278,0.134760210464934,814.992990363428,0.137738886015378,0.156836826915499,2317.4104601850886,-576.8618847700493,-345.67134412922985,227.2836210168754,FRB/US
2014Q3,4.831663979406642,236.8637365801556,6.11474757053765,18398.773765029036,17748.73924917773,1819.9938494896005,385.71028816166114,2393.3284174911137,2878.87258145482,14223.612227282456,0.0896875,236.8637365801556,0.135323991116997,831.6556168728307,0.137738886015378,0.155994764923288,2346.973182097112,-624.5501190793052,-353.74673072342904,250.8296231977214,FRB/US
2014Q4,2.017451912453794,236.26782111537017,5.7270622725962745,18491.80477810906,17856.146033498808,1857.219395476746,389.3680811934314,2370.3630126606595,2897.220031938721,14523.260964151934,0.102096774193548,236.26782111537017,0.135889849061012,815.6460939144463,0.137738886015378,0.155082800742595,2418.062500211903,-608.1572426919289,-408.04010356100974,221.6521075387511,FRB/US
2015Q1,3.58543538451741,234.7406857467016,5.544820317467947,18658.302801140744,18006.99914594169,1927.0416100361815,401.6901563453485,2293.334082053014,2815.9931644783633,14600.801170841542,0.114590163934426,234.7406857467016,0.136457713378069,820.0154565938975,0.137738886015378,0.154098009562537,2465.1401523995632,-575.5789618912913,-394.6194974085191,221.64032553600163,FRB/US
2015Q2,2.470074103887754,236.33801655101172,5.452788498155406,18773.877758689603,18222.446571614593,1964.920739954913,407.23061222841716,2294.6818817356593,2800.544427610896,14584.805693470178,0.1249999999840929,236.33801655101172,0.137027511165673,824.802293985873,0.137738886015378,0.153039967820364,2483.81548058711,-542.4979275573346,-395.01700088257115,210.89222731855273,FRB/US
2015Q3,1.5983669584919373,237.2289321440798,5.136871424910329,18849.046707855334,18343.803858576153,1970.5461294028416,379.2195693217094,2255.023698923336,2789.449943433369,14678.81806930086,0.13305964564712225,237.2289321440798,0.13759916913263,824.017255534844,0.137738886015378,0.151912262818604,2520.302632782127,-562.4661171190354,-436.74791276308633,212.11030313426232,FRB/US
2015Q4,0.7386636699379782,237.20479468551528,5.048314572121718,18883.88663172723,18377.136864173906,1986.2443961247486,348.4171692021514,2216.643198525033,2736.3871064826753,15245.168401092253,0.15673273895822545,237.20479468551528,0.138172612729691,832.6892891000323,0.137738886015378,0.150723320187812,2442.624908813822,-537.8669740050843,-395.806406511698,231.6240936108613,FRB/US
2016Q1,2.314137776502889,237.07115794163735,4.914580302167542,18993.453054427897,18467.59885160098,1948.662504681879,363.1521073442814,2176.3991291753223,2684.7473923227612,15480.85299399428,0.360560523275924,237.07115794163735,0.13874776650914,831.3290184020578,0.137738886015378,0.149485186094272,2542.871284153872,-636.067327533133,-413.30233322015295,213.6821937696318,FRB/US
2016Q2,1.285542036503529,238.9621739453415,4.94022669368123,19054.593455796665,18652.81544140816,1966.1186936021195,366.1997627196093,2216.258004276872,2702.433728998106,15487.189425053033,0.3638312606381733,238.9621739453415,0.139324548701176,824.2584479851275,0.137738886015378,0.148212833022318,2556.34950711969,-651.8682161630664,-399.24447821072226,214.83558836570927,FRB/US
2016Q3,2.831327733527189,239.97193804005673,4.90538531136952,19189.946423690093,18833.21782070568,1994.3988735809528,374.56902940057563,2264.1849419046202,2742.3016086959447,15745.354081206946,0.3884560719517305,239.97193804005673,0.139902875429288,830.0140717836296,0.137738886015378,0.146924312334497,2598.185283408085,-678.9865660013652,-395.5824496736279,218.95385850598566,FRB/US
2016Q4,2.215053399564226,241.49254114925134,4.79756108866853,19296.50809126552,19029.38120048898,2015.903539719476,352.5460293470672,2262.519024490101,2790.1383208383368,16085.27247936192,0.4418425796148633,241.49254114925134,0.140482659317988,831.6444072190968,0.137738886015378,0.145641684433255,2589.2126474853603,-691.2675691402972,-366.0692690541972,274.288987813391,FRB/US
2017Q1,1.947312410667479,243.17970337602134,4.587709289040101,19390.677952174097,19219.561877264856,2026.3671585466475,266.23071674889985,2333.7198093533743,2863.9704403981714,16080.861654844986,0.6962457087159286,243.17970337602134,0.141063810062694,826.1108942506991,0.137738886015378,0.144391454091473,2597.531083659156,-707.1708098952286,-339.41394182539983,271.2917207475805,FRB/US
2017Q2,2.237694562051473,243.45874079330483,4.381539469219887,19499.457975584377,19377.71286004081,2035.1256388279717,278.89414110771776,2343.6443250171374,2893.971336327051,16037.411184872155,0.9450610475597724,243.45874079330483,0.141646232116232,834.0402746518322,0.137738886015378,0.143202790176289,2649.8030197336475,-724.8142670374002,-413.15798276631494,263.2003327163839,FRB/US
2017Q3,3.146329480153298,244.62165800454395,4.332808170349808,19653.442086276285,19630.974606806805,2077.985978900556,294.9739628687568,2378.3952510037875,2906.823119674486,16340.011354001323,1.1478192412927144,244.62165800454395,0.14222982307925,832.6461193937439,0.137738886015378,0.142101341430041,2682.8515077822644,-738.7245446171937,-340.69262264688484,307.3843149416667,FRB/US
2017Q4,4.487601776409633,246.5605094384771,4.1900147736413595,19875.175629403722,19974.51203987073,2147.1963890487345,296.20940021136516,2472.7316904089016,3024.477842684189,16679.459254841007,1.194170661255507,246.5605094384771,0.142814474733964,849.074000054186,0.137738886015378,0.141110347010155,2704.8567382082383,-764.2787331297849,-367.32040272312105,325.7832961733529,FRB/US
2018Q1,3.2453262725191228,248.63178007431162,4.044506273831792,20037.08512678624,20265.197411551955,2094.2192033421748,269.71427420163013,2510.790481649348,3083.6258535321326,17143.049860942505,1.4405391094929778,248.63178007431162,0.143400072796428,862.6022481715759,0.137738886015378,0.140251499457331,2735.7536726548724,-880.7010005555464,-385.2136718439062,313.7127146880027,FRB/US
2018Q2,2.1221924280247606,250.00075464511113,3.9421064686244036,20143.674005241093,20516.87749692827,2081.522311379332,288.8177680685009,2555.573902716101,3096.319827552824,17184.780010751118,1.7301391173332008,250.00075464511113,0.143986495771684,869.9583789168213,0.137738886015378,0.139544737494224,2765.7100373249223,-897.4499125777678,-374.2204359392194,302.3671075494807,FRB/US
2018Q3,2.491247054932444,250.98477162311826,3.804597201619291,20269.522669938127,20734.143507111457,2108.4152478008627,286.471398139595,2528.9676995651,3143.9566230968458,17510.550376267183,1.916809639757081,250.98477162311826,0.144573614162037,885.4794768741224,0.137738886015378,0.139006366169256,2758.426174458855,-876.243854059633,-475.14209376316273,267.24487393758557,FRB/US
2018Q4,0.570445511688433,252.02079267584557,3.849699841485249,20298.449937400623,20853.024498831495,2106.2789981105766,292.6501001005689,2530.8731327223622,3161.8012447017663,17934.513750886043,2.2108238619120866,252.02079267584557,0.145161289504258,895.0042935243987,0.137738886015378,0.138649949694211,2809.967764560303,-956.5667133229068,-514.5526537097013,273.6635812124453,FRB/US
2019Q1,2.4931996839406163,252.6674386359219,3.8705854940313995,20425.365280547307,21046.22868199857,2178.640066403109,268.559970932126,2533.690695769518,3122.8564352412122,18212.088523432547,2.395460934474785,252.6674386359219,0.145749372033422,916.265530398193,0.137738886015378,0.138486252143326,2904.2232366901417,-1031.522248916429,-457.9655278979646,291.23885510497445,FRB/US
2019Q2,3.3305255163980974,254.5490760455528,3.673133013500494,20596.143270100525,21331.787969399364,2241.565906304165,281.78402351773735,2540.8687805307495,3155.6323346153845,18118.72625320629,2.3923987579676074,254.5490760455528,0.146337701402653,916.0180331186749,0.137738886015378,0.138523426845819,2930.743975182801,-1051.1546793667637,-465.46173248051275,291.83999479176504,FRB/US
2019Q3,4.656447557110254,255.37613343802946,3.6337875152161465,20837.306403552877,21650.140782287694,2219.360147335461,280.3498741782274,2525.8537547869805,3108.327099995054,18681.641835588616,2.1928388871715603,255.37613343802946,0.146926109555476,930.4699365560468,0.137738886015378,0.138765394129993,2942.3153962262236,-1060.258108805051,-438.1769933787178,278.71003088358066,FRB/US
2019Q4,2.721490347244782,257.1671013440283,3.5811968432000807,20979.561106398098,21865.593276629672,2250.2205985897963,301.5302816953161,2530.887551112698,3041.4045194553137,19104.55642737014,1.6459395482134869,257.1671013440283,0.147514419662794,937.1364662023142,0.137738886015378,0.139212393424697,2979.5870841227916,-1014.9722665970735,-395.51379045636213,261.62816831419536,FRB/US
2020Q1,-5.605829860642331,258.0411325971416,3.846308395815769,20687.592170086125,21660.763066457836,2273.1994503282713,255.37600558696255,2409.9016681764992,2920.710704810722,19603.617378951858,1.228770424853754,258.0411325971416,0.148102444653039,948.8517696427667,0.137738886015378,0.139860549902949,3043.1642007282167,-1067.6877385879438,-399.8356640871016,270.32111937737733,FRB/US
2020Q2,-32.95274532640704,255.62522039673385,13.021246185813023,19051.622054446547,19874.13057744256,2130.8388029437624,265.43622720292467,1809.6750655122437,2343.6624989349502,22454.630421825947,0.05875,255.62522039673385,0.148689986856235,1046.98979907131,0.137738886015378,0.14070302662505,5335.018580824446,-5332.077674318141,-598.9697293032943,177.5948729056113,FRB/US
2020Q3,30.15430717197347,258.50987191936673,8.838265525767309,20543.364904081627,21617.780491608395,2272.01535006478,339.28537961180194,2099.585470494405,2792.7929761935934,22979.32123601048,0.092769230769231,258.50987191936673,0.149276838936542,991.4233030690344,0.137738886015378,0.141728805464051,4225.399490401364,-3351.108880862273,-672.8791905672371,208.93770482781156,FRB/US
2020Q4,4.315332812994654,260.3429688245722,6.752937358048001,20766.193358195018,22000.75522294544,2403.229637126533,332.81766669024637,2262.9431678550354,3017.721148462504,23678.146511951712,0.089032258064516,260.3429688245722,0.149862894645914,996.6397481048094,0.137738886015378,0.14292467119638,3580.076066609194,-1970.3407129890916,-722.4260747713498,185.8924647019039,FRB/US
2021Q1,5.483713137761015,262.97845168919645,6.2445671142953625,21052.843370080358,22586.908250485827,2574.0398888758546,372.14541345206766,2374.954362516319,3166.979420948498,24014.315690482428,0.076393442622951,262.97845168919645,0.150448090470693,1055.3241836691518,0.137738886015378,0.144274517467394,5862.071141300809,-4156.249304708231,-754.7606247000829,182.53566992283714,FRB/US
2021Q2,6.2309974126137035,267.878534280247,5.94194503934028,21383.36154027278,23296.72005753848,2701.795201936504,436.45955612244853,2498.40695706593,3329.5605232537164,24368.619883087566,0.06875,267.878534280247,0.151032373729564,1023.4498534366901,0.137738886015378,0.145760578909852,4161.443539584708,-3347.934150062656,-841.3811853489674,129.19103080099615,FRB/US
2021Q3,3.396735596523826,272.13025839323427,5.136145304730964,21565.718781899202,23848.037706014697,2777.110851890846,462.6425728732758,2563.2744461469097,3447.8087499617263,24494.13303108594,0.0903125,272.13025839323427,0.151615800103444,996.4422275217299,0.137738886015378,0.147362907875707,3921.0953938676803,-2262.2927334763503,-936.0696059942869,134.60195711335484,FRB/US
2021Q4,7.147683410615713,277.96943729006097,4.181340659531039,21954.544767914478,24700.383839095888,2875.1649979516815,524.617539620012,2757.9774826690045,3674.221795901677,25347.78498878744,0.07952380952381,277.96943729006097,0.152198453820738,1009.7682153432671,0.137738886015378,0.149060621433643,3718.674518449684,-1548.8724095487892,-925.0070334151447,160.84220073772482,FRB/US
2022Q1,-1.0313470570750383,284.12025349438915,3.852349859165404,21898.01079407912,25137.366071499,3282.858420121541,548.9537484309803,2841.0549562897454,3913.200676564853,26078.962737246657,0.124354838709677,284.12025349438915,0.152780432637255,978.2881414075586,0.137738886015378,0.150832901061779,3794.769411874349,-893.7129094521274,-1162.5070429005668,116.8814766067201,FRB/US
2022Q2,0.28011287337577095,290.9358459461288,3.675649176871641,21913.350951483546,25725.736936457615,3325.6199203340902,573.1667134628545,3063.270009363161,4080.5654459686098,26112.185380123996,0.7578621624613464,290.9358459461288,0.153361834908307,971.4611635689987,0.137738886015378,0.15266150188567,3820.6507233993216,-904.4224371802426,-1047.8627847383073,160.1018238149249,FRB/US
2022Q3,2.6837085642185343,294.68508936795774,3.5698416151288583,22060.867882732135,26190.38650907439,3252.477494036017,559.6945507227514,3094.1490893495984,3975.6676694606404,26529.126984492683,2.1995702440069844,294.68508936795774,0.153942757869117,970.9301977970715,0.137738886015378,0.154532068202416,3891.0717462595344,-1048.9732228712453,-918.0101761755093,175.63708224375293,FRB/US
2022Q4,3.297870164675487,297.6131042792824,3.5851589146310925,22243.50443270803,26651.107902697433,3230.6696239348685,567.5244962027408,3038.437140933626,3884.9138124823285,26891.414360851377,3.647704507731781,297.6131042792824,0.154523293568654,1002.708588761884,0.137738886015378,0.156433452145118,3955.3705398225047,-1219.4834423158586,-902.6187362026341,141.06653286150225,FRB/US
2023Q1,2.7597876485621953,300.35629010105936,3.5184443697825074,22397.50344952739,27079.84931755523,2863.88298434441,591.3065790657452,3052.2164027719123,3861.8150367336475,27286.851497429765,4.519455725811126,300.35629010105936,0.155103527996035,1016.4944384357034,0.137738886015378,0.158355983382441,3989.7473374406472,-1632.6603627243621,-917.3502491483571,99.3464426808164,FRB/US
2023Q2,2.4220704685752996,302.6253825764085,3.5632116472301183,22533.535712737244,27368.429704029226,2858.953543929386,590.2476647120358,2987.3327310133072,3786.8900144618,27803.352515417206,4.984400586902598,302.6253825764085,0.155683540408126,1013.2189480410249,0.137738886015378,0.160291748132074,4025.279911656216,-1654.565486476913,-926.4588229678951,104.05000545515209,FRB/US
2023Q3,4.265498253275268,305.1776747073401,3.7005657222588684,22775.113377924863,27880.789820014536,2896.0906228111958,616.0982488506654,3053.6489485696475,3830.9287630545846,28705.23832112656,5.2591624465067595,305.1776747073401,0.156263401225584,1031.3468133173008,0.137738886015378,0.162235295151518,4004.433574275239,-1672.3402644828882,-878.8462586417745,99.85750656661462,FRB/US
2023Q4,3.144504683188387,307.22093683052765,3.765273872877888,22954.8600969309,28209.096536980247,2924.896865693265,629.9626679183293,3083.259761279744,3870.623187752822,29507.482617413963,5.326551506076635,307.22093683052765,0.156843170927778,1032.0816244626878,0.137738886015378,0.164182982101631,3979.8745705969723,-1686.5600743344185,-883.3664926731435,94.27626544644781,FRB/US
2024Q1,1.618352625526853,310.0722703500261,3.784226180549489,23047.920871689665,28535.26754485552,2996.8803497429285,628.5481466857851,3116.8298288734886,3954.499550537858,30073.5747375411,5.326405474930403,310.0722703500261,0.157422896349457,1028.3218094285012,0.137738886015378,0.166132728153065,4089.0454087905423,-1741.0518744466858,-959.9351216377362,81.66383797511685,FRB/US
2024Q2,2.9476602918414585,312.2802571657725,3.9641279163610204,23218.391816197098,28926.822738158993,3052.9669484130304,655.6292430705728,3145.6428616006865,4048.4600451509464,30185.726422670636,5.326336829211747,312.2802571657725,0.158002607514334,1042.9607719159492,0.137738886015378,0.168083120158519,4206.501424094457,-1758.429225346018,-1062.840587242392,59.477011515559774,FRB/US
