quarter,gdp_growth,inflation,unemployment,real_gdp,nominal_gdp,personal_tax,corporate_tax,exports,imports,debt_to_gdp,interest_rate,pcpi,transfer_payments_ratio,federal_expenditures,personal_tax_rates,corporate_tax_rates,government_transfer_payments,federal_surplus,trade_balance,net_foreign_investment_income,simulation_type
1985Q1,3.85806927225616,106.24857717415799,7.457471470968235,8400.837018940188,4230.574278711714,433.88780702224534,77.1402044899719,305.83328537017275,396.05743574427913,1547.6265178645872,9.52,106.24857717415799,0.0933643216007299,481.1622443370972,0.137738886015378,0.25140398067966,393.42840059529766,-171.25514614709468,-93.73170303505582,24.964097217025596,MARL-FRB/US Agent
1985Q2,3.0585956210416043,107.2057466028367,7.540316254269231,8465.320147820496,4290.754060474561,390.2362289221577,74.37638573641198,303.1742139298871,414.9014631414585,1598.3666087083063,9.77,107.2057466028367,0.093606103116105,498.5463776201664,0.137738886015378,0.25140398067966,391.2297542653138,-224.75708980406478,-114.27981738420866,25.4314409800573,MARL-FRB/US Agent
1985Q3,5.374959357640563,107.80793449285515,7.576072725333661,8579.839726614637,4373.173463361847,422.7658235951094,78.65644102815422,295.0159884747554,406.7811189509176,1661.437361965174,10.02,107.80793449285515,0.093845245873345,519.670316871014,0.137738886015378,0.25140398067966,403.73129061885385,-209.15761726252472,-123.41669293961603,19.14961960085181,MARL-FRB/US Agent
1985Q4,2.0618452324271175,108.75821886836421,7.5175859913480085,8624.17966012748,4415.4931775000505,428.8296692208219,40.95696010876595,301.3173829630244,427.8700566055745,1779.4443836582423,9.77,108.75821886836421,0.094081948991726,520.7258106441669,0.137738886015378,0.1514039791895439,407.1374603952782,-253.1996234992709,-135.65106861013297,21.617423966787563,MARL-FRB/US Agent
1986Q1,3.290434605310821,109.09686378245402,7.484391213811148,8695.415502517471,4465.529062348898,427.0983062454201,45.196908342136204,307.2135124821986,425.33228028340835,1828.5462437391918,9.52,109.09686378245402,0.094316411474354,518.8213560973124,0.137738886015378,0.1514039791895439,405.32795604746985,-258.41541127192494,-133.02451474998844,17.95841945677772,MARL-FRB/US Agent
1986Q2,1.234188862565588,108.19710335457685,7.713412515758978,8722.28639832147,4484.6697134835595,431.75197835097447,45.294523874052345,306.4253654455638,426.4130360154476,1900.15830190376,9.77,108.19710335457685,0.094548831328599,543.9364651500492,0.137738886015378,0.1514039791895439,422.80097667668906,-282.3299307000313,-139.3977200093423,9.79645387747207,MARL-FRB/US Agent
1986Q3,2.9492616065454063,108.35507207391362,7.640714716339114,8786.834829651556,4519.82260123869,442.7871886230647,44.49990086695892,308.1853702337091,435.7289664091192,1985.8230677284116,10.01,108.35507207391362,0.094779403553268,571.8810274139455,0.137738886015378,0.1514039791895439,430.8564371593965,-292.3972371204964,-148.53915633727533,10.100227038369583,MARL-FRB/US Agent
1986Q4,0.8841193927707991,108.40467799954715,7.6568104793259035,8806.277836845527,4530.093119071442,459.4887959791207,49.67069138423993,317.441445768664,437.49346907354186,2091.898466475607,10.26,108.40467799954715,0.095008322742147,632.38146286474,0.137738886015378,0.1514039791895439,428.8750806383734,-269.4053384578111,-152.86815837255133,1.9031374520992281,MARL-FRB/US Agent
1987Q1,1.6708758026304342,108.74135306120696,7.571624093150942,8843.140265291471,4544.173650022846,453.60330068942267,44.373786141324416,313.2130001171818,438.2170909521335,2150.1410460996035,10.01,108.74135306120696,0.0952357834586189,636.2619554379464,0.137738886015378,0.1514039791895439,428.2516589433244,-323.5159867970458,-151.93785770460374,2.558496494469086,MARL-FRB/US Agent
1987Q2,2.99391434368843,108.69960712802127,7.382490139303211,8909.577600952964,4564.462176442424,515.9289205471392,46.130073134506745,324.2068491841697,453.77662615076133,2226.4232868000217,9.76,108.69960712802127,0.09546197841408,646.4885075647004,0.137738886015378,0.1514039791895439,430.52673759412943,-284.0221373686246,-154.34066888056864,5.290756749896959,MARL-FRB/US Agent
1987Q3,2.8160086338296253,108.24180122209201,7.1968321475942565,8972.52252641774,4573.140907410561,496.0042912541037,41.66983327641078,331.92721988043405,460.4931529820169,2302.8231529156446,9.51,108.24180122209201,0.095687097175186,643.5196480847425,0.137738886015378,0.1514039791895439,429.1598118115184,-304.4686376460769,-154.84031960429314,5.0376973795298,MARL-FRB/US Agent
1987Q4,6.407237628770446,107.32067580817909,7.118144717486907,9117.40248898937,4612.648366747356,517.076020675789,31.181764975288825,341.6569201677489,472.1345026944434,2423.7889155196135,9.27,107.32067580817909,0.0959113255091459,655.8464545177346,0.137738886015378,0.1514039791895439,432.45819815687724,-316.2035894921739,-161.54233572425667,5.946135763994017,MARL-FRB/US Agent
1988Q1,2.2953932556397665,105.89842282598379,6.957917091773392,9169.872955901203,4591.979277963561,515.192025677298,22.657935243768964,355.2984639749144,469.5544047477215,2501.727422853322,9.02,105.89842282598379,0.096134843792022,633.2793528341658,0.137738886015378,0.1514039791895439,438.26801503348884,-316.5217507885159,-135.13230642989237,9.372309189439692,MARL-FRB/US Agent
1988Q2,5.457103755733072,104.5284955007002,6.797669292199471,9295.832591087972,4603.045181193574,515.279755909528,17.13576149681269,362.0595688204478,464.97538507705417,2568.8530619443777,9.27,104.5284955007002,0.096357826789835,629.0876162651828,0.137738886015378,0.1514039791895439,430.9244589512943,-313.7864127792339,-126.24241624398572,5.346926237282201,MARL-FRB/US Agent
1988Q3,2.8483968454537494,102.92919892110834,6.772708604441924,9362.264391099432,4582.34312655066,527.3818028259788,10.008353447296704,362.1058473295739,462.90825822463734,2668.1825846925053,9.02,102.92919892110834,0.096580444382951,625.2533797999162,0.137738886015378,0.1514039791895439,426.14514955153294,-313.0503430496477,-127.35118205617253,2.17103741913725,MARL-FRB/US Agent
1988Q4,6.217342786749214,100.93156672084746,6.574911043244858,9508.922233496929,4573.1701467000985,542.1134333933951,9.259295818569203,360.5511100210754,472.1643374432381,2785.1752401991057,9.27,100.93156672084746,0.096802859798957,646.2034463537698,0.137738886015378,0.1514039791895439,423.9029069950533,-308.51219725813263,-143.2096754598628,3.169012323680874,MARL-FRB/US Agent
1989Q1,5.326967547728856,98.76704770072877,6.355395526066009,9636.403510558344,4553.32834374494,581.792454351176,10.304764214078624,362.5247283866057,474.36812185059335,2854.0111478665226,9.04,98.76704770072877,0.097025228567002,632.4957810499781,0.137738886015378,0.1514039791895439,424.4868918641961,-271.05344482558905,-138.5824675430841,2.7802859249801535,MARL-FRB/US Agent
1989Q2,5.123174698999122,96.92626437125519,6.173510023557437,9760.619735908844,4524.822566526056,600.5131026382863,8.597937628722313,366.6621304542135,474.29805410841846,2892.293399282807,8.79,96.92626437125519,0.0972476984349219,648.4958398277232,0.10773888668593026,0.1514039791895439,414.2089792637239,-252.73776325097293,-133.5091496355389,1.7854474058551324,MARL-FRB/US Agent
1989Q3,5.116721118579193,94.20506516070724,5.994992750465955,9886.277640863847,4479.52335125103,611.3900199659728,7.431806310184838,355.99778519315157,457.5544313494044,2960.2264079075053,9.04,94.20506516070724,0.097470410529858,654.338516442492,0.10773888668593026,0.14140397941306132,407.97123218038814,-223.8692628714315,-130.98631458002825,-0.05383012058492242,MARL-FRB/US Agent
1989Q4,0.787149208384363,125.86,5.527272945071893,9938.767,5747.237,582.5450000000001,113.467,515.387,598.152,2550.522,9.29,125.86,0.097693498184026,579.4732966342439,0.10773888668593026,0.14140397941306132,525.396,-170.29,-95.09999999999998,30.79900000000001,MARL-FRB/US Agent
1990Q1,3.529373788938984,127.92180590630498,5.298703247408887,10026.849081142254,5915.274606415499,578.7507548415766,108.79556164364139,539.9574233319877,620.6269398387548,2610.497017320023,9.04,127.92180590630498,0.097917087185875,592.7538451814984,0.10773888668593026,0.14140397941306132,545.5488855255536,-221.40559062415988,-88.85364618596871,27.728315361429487,MARL-FRB/US Agent
1990Q2,1.549606525090042,128.9090864944045,5.324850807565794,10065.768596791753,5991.5738204077325,593.5446731983853,102.11465669986538,544.0072936301326,602.1963154421387,2663.3581595377614,8.79,128.9090864944045,0.0981412966055069,593.61504538602,0.10773888668593026,0.14140397941306132,559.1624933672657,-238.39700255812582,-76.17525138681287,23.22543261512161,MARL-FRB/US Agent
1990Q3,0.48203086444686916,130.66855503814912,5.698483776075503,10077.90593638338,6029.228639705594,599.6428503452694,100.52392410025617,549.029595501938,618.5054073810851,2750.013696552897,8.54,130.66855503814912,0.098366239508024,589.1012269649228,0.19773889026220895,0.14140397941306132,564.7118663598931,-234.02418534812568,-87.71149203824963,20.288412340181555,MARL-FRB/US Agent
1990Q4,-1.9826998559963727,132.35587536833341,5.974900790464909,10028.075879344367,6019.773844456529,603.366021553444,93.92308141042886,558.170881438702,638.0927023858114,2865.692738372597,8.29,132.35587536833341,0.09859202347521,370.47385685798713,0.19773889026220895,0.14140397941306132,571.7661200786927,-240.53315429604785,-63.03550792003754,45.353180483421575,MARL-FRB/US Agent
1991Q1,-0.22252004309422135,132.76219873141838,6.28045724963463,10022.498811057969,6051.944285885178,588.0747691693645,81.3132206191536,558.5431276393391,614.11425669838,2878.841779334113,8.54,132.76219873141838,0.098818749974459,876.8528175947848,0.19773889026220895,0.14140397941306132,510.3245605771001,-74.57588914400337,21.84936500686967,29.990522548315724,MARL-FRB/US Agent
1991Q2,3.8071019546549674,132.92043635183006,6.513742002915989,10118.345899092648,6130.775962763345,587.9242202360214,71.82231031116625,569.9773542569711,607.2984919109028,2993.611602973505,8.44,132.92043635183006,0.099046514120711,883.2755807519329,0.19773889026220895,0.14140397941306132,571.3168801484591,-466.72739274244725,-17.07144117252145,15.543187182233856,MARL-FRB/US Agent
1991Q3,2.1434340959750386,133.27516506004045,6.582575917728127,10172.7114492077,6185.4569683547015,612.0811528413362,67.55687885290888,573.2709194056116,609.7979688846513,3164.8716160392037,8.69,133.27516506004045,0.099275393514098,875.000080838142,0.19773889026220895,0.14140397941306132,602.0935678749339,-485.51196146288044,-47.90950282908758,9.218033515694597,MARL-FRB/US Agent
1991Q4,0.9280281695644983,133.6553684714617,6.89861704458341,10196.340255820736,6207.720861805607,638.9013731583308,62.67772635278904,580.1744847904574,618.7285974938952,3334.7279309866863,8.44,133.6553684714617,0.09950545709083,856.5215025534263,0.19773889026220895,0.14140397941306132,633.6213998935716,-497.7728745134062,-56.34873527153443,13.571963797597736,MARL-FRB/US Agent
1992Q1,3.861931389130291,133.72016406457433,7.300944075994387,10295.26093472259,6256.625524794061,646.272915875429,64.43590806965894,581.6334620920159,615.3293067651422,3469.614858713468,8.69,133.72016406457433,0.0997367690789419,862.2429915458292,0.19773889026220895,0.14140397941306132,667.037042801044,-533.7347769468323,-62.08668159775023,8.080268945535305,MARL-FRB/US Agent
1992Q2,2.9509888657003103,133.72026842176885,7.713265264109337,10371.494796523566,6299.575524616183,679.4627523740676,58.67435289849521,572.8079142129296,615.62984478254,3600.973844539057,8.94,133.72026842176885,0.099969393168579,360.85278593603357,0.19773889026220895,0.14140397941306132,685.1218202899265,-541.0995707640569,-86.52773665231213,2.000166947669184,MARL-FRB/US Agent
1992Q3,2.6095906820401633,133.44683711137216,7.937838077513193,10439.37938493319,6320.049760044446,701.6674673794265,48.87234505680689,573.2986789943411,619.0419953461279,3662.658536980436,9.17,133.44683711137216,0.100203397063581,375.25749264047056,0.19773889026220895,0.14140397941306132,690.5701599519672,-241.73239930475842,-99.52846577126236,-5.824483214230665,MARL-FRB/US Agent
1992Q4,2.536868194287223,133.0023685841214,7.924792341144027,10505.798105551752,6338.6346194206535,710.2857839463477,46.98236784570055,561.5898295694366,615.0695612734218,3745.7724329958983,8.92,133.0023685841214,0.100438854126806,775.9901986294037,0.19773889026220895,0.14140397941306132,699.2794000345401,-269.6736117792025,-118.42768871584087,-9.059757929768468,MARL-FRB/US Agent
1993Q1,-0.5325785365030813,131.97783017577717,7.824734948287515,10491.819507044085,6285.230921213603,674.9381874966078,42.242741849952,548.7120691235368,611.3599616742615,3854.25404497887,8.67,131.97783017577717,0.100675843105668,749.0000993183155,0.19773889026220895,0.14140397941306132,700.5394297240143,-550.8376821216443,-105.70826665287811,-4.636407261173997,MARL-FRB/US Agent
1993Q2,0.9375626948362026,130.50158897880362,7.931569018389184,10516.44019649897,6239.482035681437,707.3499821368815,38.362575761200745,540.4673565807522,612.4467612866614,3987.680427434752,8.92,130.50158897880362,0.100914448259776,743.0950848702545,0.19773889026220895,0.14140397941306132,700.2158250828782,-537.5002053825427,-132.90143264294932,-14.190029190792954,MARL-FRB/US Agent
1993Q3,0.64775413456104,128.22115019694792,7.84526652863925,10533.484162193703,6168.888816565828,728.1651448194845,25.180120630819157,521.0297796031781,600.0683357669964,4110.649662165684,8.67,128.22115019694792,0.101154758482327,743.5291557705696,0.13773889160331346,0.14140397941306132,705.5375873691919,-551.0763271798359,-137.7326812117379,-10.273662170439225,MARL-FRB/US Agent
1993Q4,4.409355738922472,125.90852752259984,7.841844137732846,10650.241206164901,6130.9522670132255,748.0591028207068,24.972649046063953,518.163698139511,605.1897035374127,4296.887858781061,8.42,125.90852752259984,0.101396866764861,248.6676424802572,0.13773889160331346,0.14140397941306132,703.9485131174342,-545.7133269743739,-167.11348185545916,-27.0657517867045,MARL-FRB/US Agent
1994Q1,2.1682765570020024,122.62441345063766,7.894802151066881,10708.12963289863,6029.596976531926,749.266909124373,7.619380861353883,504.46482327914504,600.3163015016441,4325.340367930085,8.17,122.62441345063766,0.101640871019501,721.4871298258518,0.13773889160331346,0.13140397963657874,683.8801900969003,-231.81155709902293,-158.67432482334263,-22.273316721375096,MARL-FRB/US Agent
1994Q2,5.522963845086082,118.90126001734103,7.594396263110026,10857.006602367956,5954.150327435108,750.735867221192,7.242217998828984,500.74609141986394,609.1082550813062,4411.163329127839,7.92,118.90126001734103,0.101886874329752,220.84887483622947,0.13773889160331346,0.13140397963657874,671.2644346831404,-507.87270898351335,-175.20063035828832,-27.64057721564061,MARL-FRB/US Agent
1994Q3,3.7687275541642857,115.17557239049873,7.509628276436697,10959.782761098562,5837.844929711148,754.9297644248883,8.122911149069113,497.63628895856544,622.3235739146896,4453.295453346449,7.78,115.17557239049873,0.102134982857697,243.3047493759026,0.13773889160331346,0.13140397963657874,654.3747480686552,-234.91680102145102,-198.42271209717893,-32.441059256063895,MARL-FRB/US Agent
1994Q4,5.607259479947402,110.69352643220948,7.013299213202195,11114.500520234433,5726.129986994261,749.1024591512171,8.507048185516354,487.3352743074427,627.3514612217682,4530.494651123078,8.03,110.69352643220948,0.102385305305159,725.009876776643,0.13773889160331346,0.13140397963657874,653.6038793584397,-238.22848426774755,-228.70915921787312,-38.555143887406565,MARL-FRB/US Agent
1995Q1,1.416610584325184,150.8707692307692,5.483513095070713,11319.951,7522.289,728.213,187.793,781.5700000000002,886.899,4034.816,7.78,150.8707692307692,0.102637952175249,545.7192674010271,0.13773889160331346,0.13140397963657874,822.578,-254.439,-125.736,29.827,MARL-FRB/US Agent
1995Q2,2.882244002838519,152.10746180393684,5.1792173007926925,11401.812729861722,7603.95532436323,743.485616150682,165.82678186249197,803.259008496686,916.049561241649,4078.109076587354,7.53,152.10746180393684,0.102893038412183,1044.6441735167166,0.13773889160331346,0.13140397963657874,824.8133801959824,-270.3575405264735,-137.8278796022463,26.117572942058853,MARL-FRB/US Agent
1995Q3,4.38991312622008,152.90060919287077,5.008964407073123,11527.63431768725,7731.218941073428,760.406192429268,158.80376194152595,830.0447920622461,913.9797336678929,4223.216418468661,7.28,152.90060919287077,0.103150683136995,541.2936438209531,0.13773889160331346,0.13140397963657874,826.6796261147502,-639.7067622347095,-138.59690737852074,-2.324371421688632,MARL-FRB/US Agent
1995Q4,2.8880813968100933,153.78037497058895,4.955334390535238,11611.167383217771,7824.62416238019,810.6638463935797,145.8927431879207,833.3994526820799,920.5692815044897,4272.40236756636,7.53,153.78037497058895,0.103411009077783,524.3639215219137,0.13773889160331346,0.13140397963657874,816.7633328642082,-233.51513693238144,-130.6027752627083,9.921704177261399,MARL-FRB/US Agent
1996Q1,4.161497668125946,155.25750411965393,4.87462065919416,11732.597567198847,7947.724834483302,849.8318417461287,146.11102466374393,839.0571491974534,949.7701611068906,4350.847711131292,7.65,155.25750411965393,0.103674142032638,538.3585523922302,0.13773889160331346,0.13140397963657874,848.5825542085672,-231.8983869235443,-150.92969494504518,18.149182833518157,MARL-FRB/US Agent
1996Q2,7.344066802771465,156.8065381193568,4.784422806465916,11949.999680434974,8137.7304159293,896.5275444946033,152.30401770905257,847.0545226676757,970.0402274625521,4339.7109797866815,7.9,156.8065381193568,0.103940208887739,274.38702733853904,0.13773889160331346,0.13140397963657874,859.4921096231299,-188.45550180663415,-170.54880611876308,7.327469879118061,MARL-FRB/US Agent
1996Q3,3.4834208017571195,157.9932046827342,4.656608647761962,12054.521329647185,8247.813225449752,908.2082242025616,147.91207671678805,845.1631087802939,992.6854345948224,4339.149531976773,7.65,157.9932046827342,0.104209340719338,266.58764858490633,0.13773889160331346,0.13140397963657874,856.4196894197057,15.182670162798221,-199.5176362104639,4.234174857662075,MARL-FRB/US Agent
1996Q4,4.073270753246305,159.71888115194858,4.742815379203501,12177.901788927595,8390.894412614143,921.1496211710472,145.28648290678106,887.4227734628197,1011.1169866992986,4364.988424513332,7.4,159.71888115194858,0.104481672381621,265.4015514871295,0.13773889160331346,0.13140397963657874,852.9975667461111,28.0623774779794,-181.93043944739244,10.685599651853925,MARL-FRB/US Agent
1997Q1,1.9997514609379148,161.07293547720803,4.717665191956677,12238.936171031684,8497.954383669427,950.8979329470255,139.5484244758668,901.5376330485191,1046.0679372592524,4359.68383030667,7.15,161.07293547720803,0.104757340448925,754.2945559456742,0.13773889160331346,0.13140397963657874,878.9771901304097,29.8885636159958,-200.41870030072172,3.370453840157173,MARL-FRB/US Agent
1997Q2,6.351689481236633,161.84969325609504,4.534485400670319,12434.832198557342,8667.463080474161,957.383663055399,139.19927408507095,937.929425372357,1058.587831204651,4366.855857639045,6.9,161.84969325609504,0.105036481026972,272.9981566074381,0.13773889160331346,0.13140397963657874,882.4275073696642,-341.09536099274885,-167.6437874489073,14.516441922321272,MARL-FRB/US Agent
1997Q3,4.7108340300489715,163.05865454991343,4.474330577487562,12582.144024536203,8824.627713510341,1003.5573427063047,145.6865420291066,958.7980549722314,1091.2667419696897,4351.592356350085,7.1,163.05865454991343,0.10531923093073,772.637936055561,0.13773889160331346,0.13140397963657874,888.0906484457324,75.72565130398407,-183.73981631674963,6.761144294353623,MARL-FRB/US Agent
1997Q4,3.1790715821742315,164.33902205544368,4.346882714109302,12682.54130000034,8941.4114050498,1023.2471932556921,134.64634452543103,954.5575717403099,1106.1293426237708,4481.276477910281,7.35,164.33902205544368,0.105605725937653,773.2325267089237,0.13773889160331346,0.13140397963657874,913.6108884477441,-317.69776840157306,-226.40077353349233,-1.7044867178769492,MARL-FRB/US Agent
1998Q1,3.617557439524433,165.04506053104333,4.351531051832991,12797.761086487702,9052.220730150157,1072.3796293472867,139.62873793505733,950.1062368122554,1117.3972973931147,4561.631618725286,7.6,165.04506053104333,0.105896099446813,753.1947566074952,0.13773889160331346,0.13140397963657874,913.6771615691816,-250.55085886225643,-230.35873411520635,4.435745984225929,MARL-FRB/US Agent
1998Q2,2.7678219134159576,165.86908902230329,4.255513086770224,12886.622983253272,9148.697686308338,1117.136524827561,133.17825356471994,934.2479901492728,1123.6952624801786,4552.36687551963,7.85,165.86908902230329,0.106190483279862,1269.1988003701274,0.13773889160331346,0.13140397963657874,921.4460197515232,-235.28063983463593,-257.98522616431575,-1.542775146788654,MARL-FRB/US Agent
1998Q3,4.102766428617599,166.868755930471,4.49422449276805,13019.480181443163,9287.224282804646,1154.204537119814,136.32801287982005,921.0576637965576,1117.1583344501917,4712.880099183559,7.6,166.868755930471,0.106489006518705,786.482360891172,0.13773889160331346,0.13140397963657874,926.8143100490995,-584.270253883554,-282.2012404013284,-14.023838694521212,MARL-FRB/US Agent
1998Q4,5.330952305283176,167.61446649367215,4.5416344134391995,13194.15715896598,9435.034268077816,1223.8569747386878,130.14016462423635,948.8558178204851,1142.1327136253765,4841.4168298739405,7.75,167.61446649367215,0.106791794518745,961.187439764986,0.13773889160331346,0.13140397963657874,937.3788033924071,-196.49380907934398,-288.43964824384585,-16.608265840666803,MARL-FRB/US Agent
1999Q1,2.4956026267517473,167.90767118665377,4.556643745904154,13276.732919625385,9508.35023335296,1242.0921372594953,129.6977509384231,937.8974973432803,1157.4794746228763,4945.98084062862,8.0,167.90767118665377,0.107098967629351,960.6185200105676,0.13773889160331346,0.13140397963657874,949.6646968471058,-314.1614917444527,-285.6461456420634,-8.19726825162417,MARL-FRB/US Agent
1999Q2,1.991116081095612,168.48635691851962,4.728660229845427,13342.98647201439,9557.137294558144,1277.6220667320524,122.09570187472607,943.2343317791555,1190.1956718487354,4943.501506480578,7.75,168.48635691851962,0.107410640722469,461.2407023930922,0.13773889160331346,0.13140397963657874,948.4652822880402,-298.5449775963459,-307.0225669579734,-3.946694670354598,MARL-FRB/US Agent
1999Q3,4.067188859466597,168.63016040934872,4.8922944325456195,13479.349680641548,9631.645659001728,1318.7972746647267,120.70131874916213,962.1226080405406,1233.580203247225,4939.874721090298,7.5,168.63016040934872,0.107726923141335,475.3742202059726,0.13773889160331346,0.13140397963657874,959.2863347943442,80.74502763365793,-333.44057183129036,-4.690185835857701,MARL-FRB/US Agent
1999Q4,6.037287727706087,168.31239950866453,4.803692683700867,13684.33954870474,9749.698766691748,1338.091601235257,117.4220581467318,973.8975175131729,1269.9398411148245,5033.395705134841,7.25,168.31239950866453,0.108047916887456,492.65804191527445,0.13773889160331346,0.13140397963657874,968.5622505652631,75.35200153069646,-351.1421901333022,8.133683483868511,MARL-FRB/US Agent
2000Q1,1.0584283788439564,167.93250766005445,4.8121994951495495,13720.597231059486,9733.099380777554,1381.3878085154936,118.47981485399079,979.6926994207939,1331.0706155287717,5007.071331321816,7.5,167.93250766005445,0.108373716317443,462.8933873766997,0.12773889182683087,0.13140397963657874,960.9171335422898,141.18330097498125,-403.8882884295694,2.498628335100518,MARL-FRB/US Agent
2000Q2,7.239873972221744,166.6852225340227,4.772837585340639,13971.196762985996,9836.883239523224,1388.0859343615857,105.19502220510202,1000.0807536814012,1362.0950442920912,4821.2025178352815,7.25,166.6852225340227,0.108704407637914,681.9959845019781,0.12773889182683087,0.13140397963657874,976.5988419164369,95.88934056383758,-411.18816480128464,8.13224933385505,MARL-FRB/US Agent
2000Q3,0.7836354697815293,165.18123832074698,4.828286392864989,13998.594404775033,9754.44301607798,1390.6002842275616,78.65911199644655,1010.0481606845811,1407.2514629545042,4843.939716799659,7.0,165.18123832074698,0.109040066886546,1172.1598353883207,0.12773889182683087,0.13140397963657874,972.9050310106306,-46.65388258321966,-444.73904710196365,4.764160440595908,MARL-FRB/US Agent
2000Q4,2.8016983074941493,162.94523115664518,4.623648588282781,14096.988185251423,9694.686722030914,1398.2485615400763,63.46749859736373,979.4462664545141,1396.4094174281656,5004.052215855108,6.75,162.94523115664518,0.109380760853581,1174.3106899213772,0.12773889182683087,0.13140397963657874,969.3481047242437,-409.3353171798855,-454.51844259147674,26.893629003198072,MARL-FRB/US Agent
2001Q1,-0.9422233786054337,160.6955648331404,4.912934838105487,14063.82098463713,9539.285537091338,1467.461707543251,30.381644562431987,943.8114310286225,1349.513797820346,5208.901694028556,6.5,160.6955648331404,0.109726546506346,689.5530028224871,0.12773889182683087,0.13140397963657874,979.0413926825911,-381.9819126128871,-459.7077444329157,6.807964216669069,MARL-FRB/US Agent
2001Q2,2.822248377361802,157.66454705347903,5.114908864513112,14163.400860343918,9449.81684567217,1491.3871324828174,13.932506471267056,886.8491241443315,1247.0624336597184,5068.774426997615,6.73,157.66454705347903,0.110077470842707,701.91102014832,0.12773889182683087,0.13140397963657874,982.4296054712559,-30.46527645275838,-422.3866893318804,-3.2211365016009164,MARL-FRB/US Agent
2001Q3,-1.5321694178069833,153.59134407305365,5.559778934477877,14109.25280741209,9226.569903224166,1286.8661526610001,10.58611957961631,811.4886478084848,1164.551970577868,5190.563670693525,6.57,153.59134407305365,0.110433572317617,707.0723642137541,0.12773889182683087,0.13140397963657874,962.4456646003661,-221.80757909201145,-454.8501469016486,-41.88225957250527,MARL-FRB/US Agent
2001Q4,1.5724584178066432,148.72287643800144,6.304152865104185,14164.827505333486,9051.443199678824,1385.9040312374457,7.981146058351448,747.227506442744,1085.9575969733407,5321.911702313169,6.32,148.72287643800144,0.110794881899888,1217.7143367958195,0.12773889182683087,0.13140397963657874,975.4638661362096,-106.4778041684819,-399.78256707603964,0.001012863734228103,MARL-FRB/US Agent
2002Q1,3.264213364431612,144.14582807353224,6.547232443176365,14280.892987467698,8897.549249902757,1222.2035559623973,6.361439352338564,729.3206835120147,1074.8410054807446,5465.452397244629,6.07,144.14582807353224,0.111161422276066,742.2241135897937,0.12773889182683087,0.13140397963657874,972.1836058493379,-598.0851260608217,-460.31365545507225,-53.918065136052036,MARL-FRB/US Agent
2002Q2,2.750460854337433,139.98247132023974,6.737149499309635,14379.428966232152,8716.510310114885,1217.0445869519724,6.567678276871207,723.5626936700323,1094.273063698898,5486.99542723049,6.32,139.98247132023974,0.111533211022401,758.4797625946346,0.12773889182683087,0.13140397963657874,957.1218751875136,-284.2362483983682,-507.04347942125054,-86.88606152132519,MARL-FRB/US Agent
2002Q3,1.622749618951502,180.4212121212121,5.740611949501817,14519.633,10984.04,1052.19,157.959,1015.56,1463.107,4314.504,6.57,180.4212121212121,0.111910262128689,645.5156896301063,0.12773889182683087,0.19140397829547423,1183.716,-278.668,-459.416,43.47499999999997,MARL-FRB/US Agent
2002Q4,-1.6665744105459623,181.28034066601947,5.907724495333444,14459.26372766488,11067.221746924915,1034.313427361366,164.0225282177052,1001.5096422589303,1466.7102257768672,4449.441655909776,6.82,181.28034066601947,0.112292586330221,1160.6769401306124,0.12773889182683087,0.19140397829547423,1207.2577201033384,-376.8632662788128,-491.6352037792822,32.67426198488576,MARL-FRB/US Agent
2003Q1,-0.5336354536304104,182.44828774966376,6.214045204841178,14439.986649793058,11086.200739533513,1013.4111590311219,164.99697761992857,983.6536763770379,1442.558150844288,4692.528044757225,7.04,182.44828774966376,0.112680190652636,1166.165778439336,0.12773889182683087,0.19140397829547423,1227.3061154835646,-832.9006087981809,-548.7984653562734,-29.864275488183516,MARL-FRB/US Agent
2003Q2,-0.41822420249175707,180.8080282273447,6.972504492495501,14424.896660164823,11044.566777133705,1026.864510730809,143.6066089788524,964.5273133467647,1394.7133453331742,4917.384015127687,7.06,180.8080282273447,0.113073078340461,1196.6818545234078,0.12773889182683087,0.19140397829547423,1242.7835454749306,-914.3006410152059,-511.60179282543896,-27.64288883636277,MARL-FRB/US Agent
2003Q3,4.49906256538668,179.93584744331312,7.242597894289805,14588.058817409967,11115.053648546667,964.4379294030747,144.8971130877379,967.4429749324703,1375.8890304805993,5197.034427863148,6.81,179.93584744331312,0.113471248746759,698.0923712918143,0.12773889182683087,0.19140397829547423,1256.5167636947322,-1017.7529925518731,-496.9361851705885,-33.20732354616341,MARL-FRB/US Agent
2003Q4,3.071908846894189,177.48940148282566,7.180081680790784,14700.523081971083,11100.270312300296,1042.556229430688,142.39892394235866,985.8696216295112,1394.4112478640823,5403.273802436411,6.56,177.48940148282566,0.11387469748381,1188.7653385753115,0.12773889182683087,0.19140397829547423,1252.7573813806337,-595.5715135754795,-489.51417102335614,-16.877965838712424,MARL-FRB/US Agent
2004Q1,1.3444903376615969,174.8496073598931,7.17651157559267,14750.017995268863,10993.174050672216,1011.8053597481497,126.12229186780382,985.823177314117,1432.1082540276113,5704.150401528124,6.72,174.8496073598931,0.114283416471711,1198.1107270707844,0.12773889182683087,0.19140397829547423,1279.714038055296,-1027.3328590672763,-535.2010849749649,-12.584941651911162,MARL-FRB/US Agent
2004Q2,2.2993011233126026,171.05067486791907,7.277644886276214,14835.048983304647,10864.13975197901,1032.931124189168,108.04227075571053,973.9135721125335,1465.2800834573918,5925.375726338673,6.97,171.05067486791907,0.114697392178025,1203.7314076642406,0.12773889182683087,0.19140397829547423,1270.5683569446096,-1017.7986753743061,-616.9206011456099,-51.473058880674884,MARL-FRB/US Agent
2004Q3,3.390700417667603,165.96765023627208,7.230174094187403,14961.33649797363,10680.761808428782,1076.5803491989068,85.06452817632152,934.4844230219339,1454.2585354614134,6211.064753434884,7.16,165.96765023627208,0.115116606946076,715.7243488801878,0.12773889182683087,0.19140397829547423,1243.742182819065,-1001.9243642193085,-641.3799746445418,-54.09245235098366,MARL-FRB/US Agent
2004Q4,4.359366758711758,160.62223854637392,7.248293443260436,15125.283137139104,10478.720367577835,1118.453811327426,24.646171025282882,915.0772273089536,1474.7872275925788,6441.1960094246015,6.91,160.62223854637392,0.115541038174976,1210.3644741146545,0.12773889182683087,0.11140398008361357,1217.9027396668905,-690.9234900202749,-712.0764772793588,-83.6248989496218,MARL-FRB/US Agent
2005Q1,5.41572901872911,153.51131945635123,7.139082031827259,15331.461834490001,10246.16615606056,1173.5803605997264,13.673105076253378,887.8126088311056,1448.5752762600089,6820.7066343643455,7.16,153.51131945635123,0.115970657036629,1512.607831949475,0.12773889182683087,0.10140398030713099,1202.5518981470111,-1008.8413670792429,-685.6158734971265,-63.69320790612667,MARL-FRB/US Agent
2005Q2,3.595440300109942,145.97506040465785,6.8140552318205705,15469.891436015298,9910.79251926989,1212.818900724394,12.288696466804984,856.3592916576287,1429.5085027553948,6971.30874880687,7.41,145.97506040465785,0.116405427815485,1013.3677545191097,0.12773889182683087,0.10140398030713099,1155.6304616678572,-1113.9096417628502,-727.3390792158231,-83.38886899229458,MARL-FRB/US Agent
2005Q3,3.123032680452553,196.6181818181818,4.98011689203407,16047.587,13142.642,1238.598,365.223,1302.315,2053.275,5443.776,7.16,196.6181818181818,0.11684530919439,673.9196438130883,0.12773889182683087,0.10140398030713099,1416.503,-300.591,-752.772,83.02600000000001,MARL-FRB/US Agent
2005Q4,7.754110045812723,198.69829814535225,4.011679104066657,16361.70872000747,13647.953599869801,1268.2941874943108,404.3681236507498,1364.0718203270262,2238.5993734781423,5565.720538161512,7.41,198.69829814535225,0.117290253201153,1162.5416067072797,0.12773889182683087,0.10140398030713099,1429.0588802283753,-198.99975629633312,-937.1352627686365,26.591559728549395,MARL-FRB/US Agent
2006Q1,7.365876032357477,200.33930494141748,3.474331086077241,16665.79575658352,14043.781195222233,1364.2279662712992,552.490796261883,1416.837430256975,2333.7198428203906,5762.146300653429,7.16,200.33930494141748,0.117740204591795,1194.7900991174242,0.12773889182683087,0.19140398388340968,1465.1043400726633,-427.19999739228444,-1012.5477539216934,-31.754694701490298,MARL-FRB/US Agent
2006Q2,0.5245703602120957,203.04081633313638,3.513317379869496,16687.666050292024,14236.482957472983,1426.216238111519,560.2716677315096,1458.5461220540476,2408.455888577454,5735.429553759878,6.91,203.04081633313638,0.118195099704595,1187.5518088202914,0.12773889182683087,0.19140398388340968,1474.9743917669216,-384.7552514915498,-1048.2079014842243,-21.649291427623453,MARL-FRB/US Agent
2006Q3,0.7610263004600883,206.16032845739423,3.5195095145690747,16719.445653992534,14434.004811332296,1464.1664803513556,589.6849786531297,1478.9895867086725,2463.245099170141,5826.073720422668,6.78,206.16032845739423,0.118654868138452,1175.7799160110249,0.12773889182683087,0.19140398388340968,1493.0847014611454,-322.56491831210275,-1085.4142108589213,-12.068504819771602,MARL-FRB/US Agent
2006Q4,3.57156164414576,206.80840299669518,3.374974021913057,16869.400450751084,14704.305236296857,1542.0065654080147,555.3481577801853,1544.2278300157177,2449.5985382968724,5941.590136668953,6.53,206.80840299669518,0.119119432239517,1673.6265826404397,0.12773889182683087,0.19140398388340968,1498.0495089342942,-285.8973003987676,-986.4311192815068,2.974557096022993,MARL-FRB/US Agent
2007Q1,1.3194884597993455,210.7334811757399,3.4646203747614175,16925.139782509385,15003.089610463356,1630.9219067995432,576.6502119347847,1604.3067001086397,2522.213785045363,6230.131852088116,6.28,210.7334811757399,0.119588707101234,1667.2181040720166,0.12773889182683087,0.19140398388340968,1590.7875312391964,-708.1662754757272,-1017.3099693715432,9.725933745904618,MARL-FRB/US Agent
2007Q2,1.7651408624111298,215.38501025744964,3.5051190548277433,16999.99295861988,15308.62505251928,1719.6997605837103,578.2788851038978,1667.1145642092079,2593.193928049408,6235.933686154538,6.39,215.38501025744964,0.120062598960474,1686.9059584904776,0.12773889182683087,0.19140398388340968,1601.2865583923522,-706.3382871478617,-988.8020592296392,30.434885869073536,MARL-FRB/US Agent
2007Q3,1.301199428043986,219.25908760391383,3.8155934471931663,17055.383955978145,15593.865362579418,1772.5720348968707,545.3115768974603,1752.4197336876778,2649.228571168733,6499.820896688001,6.14,219.25908760391383,0.12054100839862,1204.1283109423493,0.12773889182683087,0.19140398388340968,1645.6671861547898,-747.0374151846839,-900.2907227109572,93.81229323862146,MARL-FRB/US Agent
2007Q4,1.460632099754378,224.71887083231184,4.0870812370209055,17117.776906280855,15884.720296882344,1835.1823565139618,534.9843043449725,1842.810486847079,2722.0254507391883,6634.682289306883,6.08,224.71887083231184,0.121023827622191,1222.2060271446526,0.12773889182683087,0.19140398388340968,1710.039230121245,-315.3479524763261,-851.8341673155967,134.42394905682013,MARL-FRB/US Agent
2008Q1,-3.1340097885994567,230.1043549655024,4.479166235353227,16984.18274550009,15997.45625931256,1873.3388159910464,458.11255705044147,1930.378374750906,2828.2987708198225,6839.7126697586555,6.26,230.1043549655024,0.121510940045049,1237.2004439847055,0.12773889182683087,0.19140398388340968,1775.5737429606027,-451.28661081908194,-920.4684783557433,95.43542036871023,MARL-FRB/US Agent
2008Q2,0.27196751818792064,236.0264542381869,5.072944381037991,16995.73453726961,16266.205025646375,1898.1127848466429,438.3627981568147,2045.396477005411,2912.3497869784633,6813.675737365746,6.51,236.0264542381869,0.122002220583853,759.299723595537,0.12773889182683087,0.19140398388340968,2187.8964290603035,-918.3062793671007,-911.8971134750682,65.27242896549481,MARL-FRB/US Agent
2008Q3,-5.203377149479849,242.41118439866972,6.095412124075983,16776.07828584715,16344.336612404571,1841.5081809262483,412.65775928585947,2073.0943521374297,2905.9860303928535,7297.275158928094,6.76,242.41118439866972,0.122497535789656,769.5393006424316,0.12773889182683087,0.19140398388340968,1990.9955374504118,-312.8712610244468,-875.4034348671146,70.84203957592588,MARL-FRB/US Agent
2008Q4,-11.92861074424556,239.03137194677413,7.209863743858147,16283.17609320117,16024.700186694676,1753.5987911350267,267.520437738178,1834.2266240001838,2449.8149708746823,7893.5687854979415,6.51,239.03137194677413,0.122996764946469,338.9511470917132,0.12773889182683087,0.19140398388340968,1985.1796514799437,-540.2554794737603,-775.6267887632382,-56.874938414500704,MARL-FRB/US Agent
2009Q1,-7.45698567125288,238.73054296812924,8.823087380683026,15982.42960410824,15779.581681941812,1444.964001312014,241.40463904690412,1622.227584163034,1998.60469929794,8223.349383048484,6.58,238.73054296812924,0.12349978368454,850.2489848257611,0.12773889182683087,0.19140398388340968,2136.98734292107,-686.4507281526364,-540.8599413455204,-55.27167064518076,MARL-FRB/US Agent
2009Q2,-3.7886249921378123,240.44485716438143,9.989269751590282,15831.765661342002,15618.957965494654,1298.8327280922013,260.1598876848356,1615.9480063503397,1914.8146807561313,8634.230782386969,6.33,240.44485716438143,0.12400646050365,373.2615292315552,0.12773889182683087,0.19140398388340968,2308.7619650327733,-1544.8483212265633,-473.22373184925203,-47.7214074441272,MARL-FRB/US Agent
2009Q3,-0.8605826106069969,241.74265727750333,10.407514499897552,15797.740920283604,15562.206581172855,1270.5594331338298,254.55772974628144,1669.6156514199045,2027.2754166407512,8988.918919154934,6.08,241.74265727750333,0.124516663149986,502.5292602259184,0.12773889182683087,0.19140398388340968,2350.180313475538,-1163.2752740085584,-474.04244758527136,22.427283395100304,MARL-FRB/US Agent
2009Q4,2.8228470710743636,241.56943816355212,10.78806470308642,15909.621750760723,15614.0753067961,1217.8111268085802,279.08818520313145,1749.476293736811,2159.1903409601314,9333.642280121325,5.83,241.56943816355212,0.125030266622286,518.9822133039146,0.12773889182683087,0.19140398388340968,2347.6121682828825,-1339.1638994217114,-511.3424327473187,19.81436379089278,MARL-FRB/US Agent
2010Q1,1.3800508958233593,238.47335417320016,10.571546491098616,15964.606768245098,15512.20667850108,1227.1511667693842,272.92673297915024,1763.9757244748741,2219.5925430915113,9845.915898799842,5.94,238.47335417320016,0.125547153632512,988.8948603854673,0.12773889182683087,0.19140398388340968,2454.204146565594,-1509.4965044981925,-530.9470909426796,42.283954377099924,MARL-FRB/US Agent
2010Q2,3.569576565552523,233.50209289534342,10.378792453690899,16107.711563446217,15441.04315187841,1209.9267564528786,250.48354696980738,1770.066166907228,2273.373815441497,10382.601653570247,6.19,233.50209289534342,0.126067212730275,1399.1469897248917,0.12773889182683087,0.19140398388340968,2425.4282923251235,-1997.812598484631,-598.4342707265992,24.629304120838043,MARL-FRB/US Agent
2010Q3,3.311152831161479,227.90233569335692,10.153875024894164,16241.602703292057,15242.714793721547,1251.3953404506299,233.17591687715762,1761.9786330170675,2291.486527568054,11089.894792887899,5.94,227.90233569335692,0.126590343725849,1396.478093343622,0.12773889182683087,0.19140398388340968,2398.3426366087274,-2365.4643210149366,-646.9565831505602,-1.2737108509561614,MARL-FRB/US Agent
2010Q4,2.75718703802994,222.1316409916248,10.225635025785241,16353.942276136713,14978.423107767076,1318.9929254708588,202.22115561954482,1776.1725828015751,2292.7938301460126,11813.442963158845,6.19,222.1316409916248,0.127116456090714,896.4954152838845,0.12773889182683087,0.19140398388340968,2340.4003941142646,-2316.637218655562,-613.3208095364328,-2.802407384843355,MARL-FRB/US Agent
2011Q1,-0.04620780378559208,215.60680042076936,9.647951395757781,16352.053185862665,14528.273647868204,1487.6707011933365,140.84968894792283,1753.3740669876843,2328.2569116415893,12199.369264527111,5.98,215.60680042076936,0.127645469268636,372.7074759728148,0.12773889182683087,0.19140398388340968,2266.1238889633096,-1791.5657682899537,-713.3757162813264,-9.466757725282756,MARL-FRB/US Agent
2011Q2,4.2400123581614935,208.00569388312744,9.714096123611693,16526.307373113854,14181.870163909385,1504.8772414960065,92.61812130858111,1726.0164865601732,2326.9566050010453,12304.588302730039,6.22,208.00569388312744,0.128177311804698,868.7233098806246,0.12773889182683087,0.19140398388340968,2171.2039527177058,-1369.5537052384993,-760.3350899384023,-47.174752772041984,MARL-FRB/US Agent
2011Q3,2.067821206021847,198.49235914326604,9.588438097004769,16611.962203059247,13687.800549389241,1500.0884253470108,31.997100914148945,1660.9879319398926,2268.276199822805,12838.890625205931,6.14,198.49235914326604,0.128711919807037,340.7608901635733,0.12773889182683087,0.19140398388340968,2056.948819896983,-1703.5180061381707,-758.6884286317419,-56.013792189150884,MARL-FRB/US Agent
2011Q4,7.596912333870165,187.95858350321686,9.049602540758272,16930.47633523375,13264.741793946758,1506.2371067275058,24.85374838246561,1556.6745638995528,2207.374413076069,13250.38188753363,6.39,187.95858350321686,0.129249235162612,845.5040478016201,0.12773889182683087,0.19140398388340968,1952.429841291246,-1247.8730493402027,-834.2465921949192,-100.076773648237,MARL-FRB/US Agent
2012Q1,6.996167503851325,177.34132389196358,8.522299947317524,17229.202261559803,12845.38131355676,1488.4987267954577,26.66395517300747,1485.3632191964148,2160.6793208724134,13744.8532140843,6.15,177.34132389196358,0.129789203612067,995.6159847445566,0.12773889182683087,0.19140398388340968,1827.0393563588568,-1477.6707263789722,-899.9221538518736,-144.28842767511887,MARL-FRB/US Agent
2012Q2,1.781366506529025,228.8050769230769,8.184953906905523,17444.525,16207.115,1503.776,325.041,2215.586,2780.827,12253.605,6.39,228.8050769230769,0.130331774270974,416.9365913998306,0.12773889182683087,0.19140398388340968,2230.0,-1093.12,-440.016,228.096,MARL-FRB/US Agent
2012Q3,-5.298230609248122,229.28488053249478,8.403506869156296,17214.98575497581,16088.436228250079,1472.4502126597176,294.0236967090085,2236.1134547735787,2645.8859045880204,12409.713442365104,6.63,229.28488053249478,0.130876897574837,921.8825341270737,0.12773889182683087,0.19140398388340968,2236.6087359087924,-748.4592606196198,-368.0612934793971,143.37577402918825,MARL-FRB/US Agent
2012Q4,-10.748114343939363,228.950228866791,9.132436957898827,16758.573590268697,15654.460196945045,1459.5408753555334,227.51624247652748,2192.4267121541925,2449.715210178193,12849.645986849811,6.56,228.950228866791,0.131424525764301,1147.3513369351856,0.12773889182683087,0.19140398388340968,2237.5827485892,-1344.043419121204,-325.3959063340517,24.46895075332225,MARL-FRB/US Agent
2013Q1,-7.7897520390664,225.73374960541508,10.073960761566747,16435.368086309896,15181.547624421575,1459.88879233005,184.39965305267378,2133.666720788923,2234.675009417075,13416.641034405418,6.8,225.73374960541508,0.131974611924474,620.1175604718735,0.12773889182683087,0.19140398388340968,2243.5104355116514,-1557.3113756210114,-185.78812607748637,-6.095920069087857,MARL-FRB/US Agent
2013Q2,-8.033827525110127,218.6907912988786,10.539497458825853,16108.563653800518,14520.479227314501,1415.8627448043023,129.21483291956352,2035.7938324490551,2044.58113512265,13464.576709564022,7.05,218.6907912988786,0.132527108813019,613.8727482461029,0.12773889182683087,0.19140398388340968,2245.177440544748,-1059.7999687394986,-104.83790742347962,-12.72829493582756,MARL-FRB/US Agent
2013Q3,-2.9516182790850105,210.08303558592357,10.606516313736726,15990.135307933884,13921.345241120584,1306.5784948674668,79.82969435829045,1922.411486996754,1890.5916060176462,13807.969127374698,7.22,210.08303558592357,0.13308196811715,603.5758143163615,0.12773889182683087,0.19140398388340968,2235.8572591976954,-1398.3878407993311,-96.63230787959414,-36.80729410692342,MARL-FRB/US Agent
2013Q4,-0.3925246819470374,198.16272147392337,10.605588677832024,15974.451697507615,13243.559375193878,1231.0671422809116,25.678576950650196,1813.5656394783566,1761.3395904277565,14518.047176113825,7.47,198.16272147392337,0.133639140079929,590.4718791958927,0.12773889182683087,0.19140398388340968,2141.2398445143467,-1412.4301033254537,-112.11321563603917,-79.45447220860034,MARL-FRB/US Agent
2014Q1,-2.764300624011184,184.13087476322235,9.939245231626902,15864.436811137304,12325.97270517945,1188.0056501608763,19.869774915924797,1632.4435422444851,1677.0562098584548,15044.279983889792,7.22,184.13087476322235,0.13419857313486,580.2401099481141,0.12773889182683087,0.19140398388340968,2075.310495473633,-1527.784713725675,-232.47009927857223,-114.1192348700038,MARL-FRB/US Agent
2014Q2,7.335418287799912,167.94257384189717,9.307537983457648,16158.051515692916,11605.644590716152,1136.737906606472,18.769407806624898,1482.906154271046,1586.0231577030127,15246.027799117319,7.47,167.94257384189717,0.134760210464934,575.2974007584277,0.12773889182683087,0.19140398388340968,1939.1902782735715,-1538.0293363039807,-321.4728991797098,-165.04407628682725,MARL-FRB/US Agent
2014Q3,4.832259330312638,237.4789090909091,6.11022397922969,18406.941,17804.228,1819.858,386.705,2399.191,2888.549,14141.265,7.22,237.4789090909091,0.135323991116997,831.9599673951603,0.12773889182683087,0.19140398388340968,2354.177,-627.925,-356.756,252.0020000000001,MARL-FRB/US Agent
2014Q4,9.713489343806003,237.51163383897457,3.9002802170048474,18859.401542038686,19313.732820648827,1851.1492716184525,529.5385790982718,2441.733973573112,3460.8360918747453,14412.814233731691,7.43,237.51163383897457,0.135889849061012,815.9389006034803,0.12773889182683087,0.19140398388340968,2535.1508636868875,-510.19572930834875,-1005.4019323735982,123.0076153019256,MARL-FRB/US Agent
2015Q1,7.962459952422307,236.82333120682594,3.178761301743848,19238.58109743836,19858.32498276201,2016.686459136398,576.1676139458411,2329.3645021966668,3360.094711330354,14433.26446674998,7.18,236.82333120682594,0.136457713378069,1320.3044004577696,0.12773889182683087,0.19140398388340968,2557.2438598494964,-366.2958948530429,-1205.6964602919531,-74.38299734417463,MARL-FRB/US Agent
2015Q2,-5.088021670537302,238.94634566839213,4.129951073458094,18995.415124452626,19823.13859313825,2041.3029191383555,556.5855785070171,2291.0172884872577,3259.1205348754384,14514.686496815595,7.43,238.94634566839213,0.137027511165673,1825.0878184139158,0.12773889182683087,0.19140398388340968,2536.3882620543927,-890.8195462760455,-1179.0739146192207,-102.64921682697256,MARL-FRB/US Agent
2015Q3,-2.9465806808190105,239.5768459084432,4.436995750408035,18856.000442578017,19709.837580690317,2053.549197068695,513.6144968525338,2216.1205331367664,3039.0771725996983,14843.79505313842,7.18,239.5768459084432,0.13759916913263,1324.2979838427411,0.1977388921248541,0.19140398388340968,2528.4905461260623,-1412.3209925276813,-1019.8693881134856,-72.9035040669797,MARL-FRB/US Agent
2015Q4,-3.849350961428399,238.1097819293951,4.986107848262799,18675.41236130475,19391.373793001476,2086.991461103816,443.5345423227431,2129.2679287149717,2838.06723320581,15546.128625572239,7.43,238.1097819293951,0.138172612729691,1832.9691191198506,0.1977388921248541,0.19140398388340968,2465.1681967469426,-996.9525260779934,-904.3865248624289,-79.47470569580042,MARL-FRB/US Agent
2016Q1,-2.7347260614583035,234.96683356813315,5.490209518894561,18548.167489546166,18992.4849692472,2019.865700867322,409.14047168715916,2027.7442203633434,2645.1130398244477,16093.866978358248,7.68,234.96683356813315,0.13874776650914,1831.6053970245873,0.1977388921248541,0.19140398388340968,2594.691029627185,-1752.6263239017044,-869.006421635233,-125.22350942639385,MARL-FRB/US Agent
2016Q2,-5.0330033806538665,231.78274551715626,6.221069929296429,18316.247144979443,18485.576780547137,2024.1730241434807,339.23831572458874,1986.1809340391153,2506.195302995473,16445.394784363627,7.43,231.78274551715626,0.139324548701176,1824.5302398439908,0.1977388921248541,0.19140398388340968,2620.9344384599003,-1938.691254217037,-798.5456883387138,-144.98641014068377,MARL-FRB/US Agent
2016Q3,-4.400207612866325,225.2205119376952,6.906104975590645,18115.86310461384,17772.88643262076,2018.6562858824698,146.21763160201937,1931.5235689429567,2359.925486683979,17139.364149748617,7.68,225.2205119376952,0.139902875429288,1830.2858531058437,0.1977388921248541,0.12140398358538645,2643.146066675215,-2232.002788880574,-746.3248072019494,-179.74849614361926,MARL-FRB/US Agent
2016Q4,-5.171887367801276,216.26220601790146,7.445020051075801,17883.137873791846,16903.54936971206,2001.2479777436247,74.76712041964167,1812.860315044433,2200.312963170866,17951.166611776956,7.93,216.26220601790146,0.140482659317988,1331.9151017656254,0.1977388921248541,0.12140398358538645,2583.78578492827,-2335.679395079933,-656.935795885217,-159.97505743595423,MARL-FRB/US Agent
2017Q1,-6.491256670160794,204.2896918452547,7.877719942679327,17595.269877625295,15780.212660452231,1945.9020053878373,8.09056395206613,1728.0287321996123,2039.7121270700081,18270.12684333968,7.68,204.2896918452547,0.141063810062694,1326.3784363158688,0.14773889137979604,0.12140398358538645,2503.8064174055467,-1971.3810043027945,-568.2172507087337,-182.7725871378194,MARL-FRB/US Agent
2017Q2,-5.610507317568647,188.09168345583737,8.16808464205263,17350.196650917318,14493.45367366116,1828.6593111445518,15.46592775392424,1574.581770336373,1835.1176516598991,18553.89220980349,7.6,188.09168345583737,0.141646232116232,1334.309152693566,0.14773889137979604,0.2014039817972471,2425.0166662482593,-2037.2737208501933,-578.1277480766958,-210.29834090581812,MARL-FRB/US Agent
2017Q3,-0.77087911859266,170.0820705213724,8.1995118020041,17316.791589582543,13268.811088505163,1749.1480989226113,14.242582106634647,1420.550686662601,1635.5898342552766,19232.277920748464,7.85,170.0820705213724,0.14222982307925,1332.9133059699602,0.14773889137979604,0.2014039817972471,2286.2472991416616,-2028.5376457857667,-523.1861108863378,-215.25634411814897,MARL-FRB/US Agent
2017Q4,5.494346616976742,150.90215884899823,8.149013832162755,17556.29384768447,12128.616828911445,1723.6006911498248,-0.24962940078616686,1286.1848705637638,1524.3085575040366,19924.195404583963,7.6,150.90215884899823,0.142814474733964,1349.3451050206054,0.14773889137979604,0.10140398030713099,2099.406890966897,-1945.9757566985727,-578.2960480825461,-241.92005742344392,MARL-FRB/US Agent
2018Q1,3.240477819667831,249.3081692307692,4.040592988877345,20044.077,20328.553,2096.48,270.359,2517.268,3093.299,17070.617,7.35,249.3081692307692,0.143400072796428,1362.876198730174,0.14773889137979604,0.10140398030713099,2744.156,-884.277,-387.692,314.8219999999999,MARL-FRB/US Agent
2018Q2,2.11768492150739,250.6824769230769,3.938462641909701,20150.476,20580.912,2083.765,289.505,2562.172,3105.995,17114.196,7.1,250.6824769230769,0.143986495771684,590.2329343863314,0.14773889137979604,0.2014039817972471,2774.226,-901.061,-376.616,303.4710000000001,MARL-FRB/US Agent
2018Q3,10.360972755584896,252.15324005217022,2.674358836040825,20679.24091712577,21290.838208311034,2162.838231419644,334.39591418730424,2520.6773288729023,3109.2336667667514,17308.837950806745,6.85,252.15324005217022,0.144573614162037,605.7570408745356,0.14773889137979604,0.19140398202076453,2718.4429448530614,-405.95251355718494,-492.1251146494351,224.72854326460202,MARL-FRB/US Agent
2018Q4,-6.495930938682193,253.61250381476535,3.515031457190721,20346.1258020093,21094.998854370173,2120.6920468039466,307.34971150988986,2478.530298708632,3176.9398792225575,17620.88710892302,6.6,253.61250381476535,0.145161289504258,615.282638498859,0.14773889137979604,0.19140398202076453,2705.3147717844527,-562.3289064506226,-781.1713314852665,76.08904835157404,MARL-FRB/US Agent
2019Q1,1.338651454744166,254.4911640608486,3.6502613299081115,20414.330793999612,21247.33884330353,2156.013073765773,307.2261869420357,2468.591569918817,3035.9601099306083,17778.60774673547,6.82,254.4911640608486,0.145749372033422,636.5480281757009,0.14773889137979604,0.19140398202076453,2734.1442720332243,-598.9680899366298,-583.7054985923342,145.42700540593904,MARL-FRB/US Agent
2019Q2,0.896659938143074,256.24585338381655,3.747752159281515,20460.14390475919,21395.400501247357,2167.2425781382294,323.04864578673903,2461.4706503761,3052.107737785006,17604.552098596458,6.57,256.24585338381655,0.146337701402653,636.2978477431915,0.14773889137979604,0.19140398202076453,2785.872406425498,-723.76768689004,-602.8543072721168,131.77553057033563,MARL-FRB/US Agent
2019Q3,3.750995846493054,256.48374092341356,3.839712110071114,20652.911115413695,21611.83020546941,2098.439040569578,326.037368166672,2428.396376939855,2975.906677036551,18090.557947436067,6.63,256.48374092341356,0.146926109555476,1150.75124215004,0.14773889137979604,0.19140398202076453,2817.0852742015795,-814.8471422947164,-588.3439366330979,94.58815745366981,MARL-FRB/US Agent
2019Q4,1.0378420371601753,257.10740532829624,3.9801562637346803,20706.56684138616,21641.442753593277,2082.268107972985,334.9076818567195,2407.1943006494116,2889.5279656875414,18619.982665776388,6.38,257.10740532829624,0.147514419662794,1657.4164804211346,0.14773889137979604,0.19140398202076453,2883.645835082145,-1412.495320805555,-591.7561991516374,37.6236620063992,MARL-FRB/US Agent
2020Q1,-7.46842180698124,256.09182026687847,4.4103639613375485,20323.54028500031,21197.77020582606,2098.0208820483144,265.12755791953566,2259.675452613889,2731.967188639631,19392.60280338293,6.59,256.09182026687847,0.148102444653039,1669.1318242495238,0.14773889137979604,0.19140398202076453,2955.5798893704773,-2061.398920467753,-626.2705480045527,4.707290181286358,MARL-FRB/US Agent
2020Q2,-35.45559090257697,250.9822240234002,13.76433530375744,18599.61454099826,19131.337623217423,1997.3224098802675,227.8375063811344,1664.958876707279,2144.895172984296,22512.047333030467,6.82,250.9822240234002,0.148689986856235,1647.295436959475,0.14773889137979604,0.19140398202076453,5211.261844864473,-6290.000904188627,-897.4523258933957,-178.52479817960185,MARL-FRB/US Agent
2020Q3,27.982753950399086,250.03440173557019,9.889840292129104,19947.378711148343,20447.046016543743,2179.7426876282257,280.6809740781044,1885.2357823148611,2494.122723131223,23298.15999200376,6.76,250.03440173557019,0.149276838936542,1721.7088300918258,0.14773889137979604,0.19140398202076453,4089.4562215732385,-4329.500376759266,-989.1935549412137,-196.8277672474195,MARL-FRB/US Agent
2020Q4,2.601956309365505,246.81224319497068,7.907807353077899,20077.55717018251,20361.21432947946,2328.9632009428774,220.18765167146347,1973.432625670086,2615.6943406618648,24334.453781053802,6.51,246.81224319497068,0.149862894645914,1226.9222434889857,0.14773889137979604,0.19140398202076453,3424.2773223522213,-3191.7899305005844,-1042.095692227844,-253.1518312809026,MARL-FRB/US Agent
2021Q1,3.4771267249659843,242.9552366271851,7.639005584413772,20252.84848050487,20324.582368152034,2520.3464697956306,206.96841623307907,2000.5223447063752,2659.620055985708,24814.035576745096,6.75,242.9552366271851,0.150448090470693,1785.61833184813,0.14773889137979604,0.19140398202076453,5496.128671715229,-4779.017948644253,-1101.7074280210686,-307.09632439932875,MARL-FRB/US Agent
2021Q2,5.193979787286196,239.6649327061742,7.498847138556963,20517.545514235877,20322.54830216346,2629.1279486676535,194.84786244250006,2021.4633850338244,2703.9567892223617,25450.58327535041,6.5,239.6649327061742,0.151032373729564,1253.729987581979,0.14773889137979604,0.19140398202076453,3819.0912604725736,-4474.464252431863,-1189.8203444398482,-381.0380708873819,MARL-FRB/US Agent
2021Q3,2.569797429252674,234.2006673020966,6.817959214277503,20649.784683537586,20066.71182561864,2720.8093884859436,129.8775624118927,1980.700379869906,2706.5306882005584,25764.899758742908,6.25,234.2006673020966,0.151615800103444,726.7099222656689,0.14773889137979604,0.19140398202076453,3498.233272050947,-3049.0580075578787,-1299.6172277261671,-410.9531493725898,MARL-FRB/US Agent
2021Q4,7.123674690217285,228.5197500976875,5.885844406831731,21020.834798173775,19962.514852920554,2791.7813171394273,59.74766649835631,2023.9652755989923,2777.658724225216,26777.84799234399,6.0,228.5197500976875,0.152198453820738,740.0343682714529,0.14773889137979604,0.19140398202076453,3203.318716750556,-2041.4710547575107,-1305.3184044039813,-409.22412233345506,MARL-FRB/US Agent
2022Q1,-0.78859920230272,221.5555080373705,5.687555302537594,20979.433089393006,19404.547549196388,3102.53296907514,44.92454685259111,1969.184318105573,2839.533759488456,27703.969295658633,6.24,221.5555080373705,0.152780432637255,1208.540853530386,0.10773889227386571,0.19140398202076453,3128.113966616873,-1496.0457268638272,-1552.762073855221,-516.4399298555568,MARL-FRB/US Agent
2022Q2,0.280619316335873,291.7516,3.672349672514152,21919.222,25805.791,3332.031,574.71,3071.551,4093.663,26070.381,6.38,291.7516,0.153361834908307,1461.7070797038236,0.10773889227386571,0.19140398202076453,3832.402,-907.8920000000002,-1052.396,160.9740000000002,MARL-FRB/US Agent
2022Q3,8.492422195796223,295.9599645853583,2.5848978819705377,22389.565495547726,27052.786245592735,3241.899401314862,652.9021601188679,3131.9280446563257,4197.186321127137,26621.966203102373,6.56,295.9599645853583,0.153942757869117,961.1711406137806,0.10773889227386571,0.19140398202076453,3941.8143657829833,-1540.8174056430778,-1168.8263594800396,112.5395368959543,MARL-FRB/US Agent
2022Q4,6.126838318209593,299.82805411567733,2.2378185380531272,22735.148522721123,27823.325531070604,3353.3793760931326,697.9435918247627,3047.147060371318,4175.566484213152,26925.648480595286,6.31,299.82805411567733,0.154523293568654,1492.9528981328153,0.10773889227386571,0.19140398202076453,3989.857599054509,-1004.672797236122,-1355.4027051139435,-25.09732493169334,MARL-FRB/US Agent
2023Q1,2.071175298407013,303.9324509877487,2.289863077762921,22853.175021044637,28327.472531269814,3001.974791598004,751.1175417019297,3051.315375098061,4192.382263913432,27407.310137198652,6.56,303.9324509877487,0.155103527996035,2006.7380937221294,0.10773889227386571,0.19140398202076453,4003.740716944551,-1947.6745496499939,-1387.7640533285053,-33.588731958814115,MARL-FRB/US Agent
2023Q2,3.2757329527569827,308.04681552388604,2.2955086630568218,23041.095689437934,28831.215603531236,3057.8894862815637,792.3900190923588,2997.202094221701,4116.322189679417,28140.392195033302,6.81,308.04681552388604,0.155683540408126,2003.4579536010274,0.10773889227386571,0.19140398202076453,4023.807077628553,-2435.0193241349407,-1357.4404248062442,0.8548992699396901,MARL-FRB/US Agent
2023Q3,5.190102023252763,313.0192818293066,2.4126948017796024,23342.00776658728,29622.24089891161,3198.8979586238315,869.6125335912518,3082.316331826997,4208.819017903977,29232.16375307555,6.57,313.0192818293066,0.156263401225584,1521.5863586958124,0.10773889227386571,0.19140398202076453,4024.1597721903127,-2336.765538209658,-1319.8741958563635,16.835851037421676,MARL-FRB/US Agent
2023Q4,3.9867338727184176,318.12640660938183,2.4141303929055895,23575.81693228482,30271.26715339673,3327.482575513567,926.4334939843483,3139.1949217858,4297.189302440976,30032.99907123057,6.81,318.12640660938183,0.156843170927778,2022.3176590608693,0.10773889227386571,0.19140398202076453,4039.849048831162,-1659.1305421241823,-1358.3179772116673,0.11138452506647678,MARL-FRB/US Agent
2024Q1,1.8247161665676968,324.7763635829865,2.419330961699095,23683.610547033728,30933.302863132194,3454.619349023349,965.8256119336959,3208.7046194705704,4435.152423828147,30756.18968451852,6.56,324.7763635829865,0.157422896349457,2018.5536194034403,0.1977388958501444,0.19140398202076453,4209.308037320757,-2305.7854094970676,-1448.8966522747803,-5.265514070550726,MARL-FRB/US Agent
2024Q2,3.1130816893366386,331.50886044700104,2.596883045665921,23868.652211128094,31736.695738240127,3606.662214123582,1038.4723002210524,3283.04053459798,4575.473984471886,30999.368485569612,6.81,331.50886044700104,0.158002607514334,2033.1926178306524,0.1977388958501444,0.19140398202076453,4395.66186483648,-2272.8879137339463,-1575.5031324001968,-46.2834736202612,MARL-FRB/US Agent
1985Q1,3.85725892645894,106.2666666666667,7.457570392458956,8400.82,4230.168,433.701,77.69999999999999,306.01,397.308,1547.569,8.465645161290324,106.2666666666667,0.0934783004067169,481.1622443370972,0.137738886015378,0.251922443879254,393.392,-171.046,-94.07599999999998,25.691,Historical Data
1985Q2,3.50648002994447,107.2333333333333,7.474021581320256,8474.787,4294.887,390.372,75.96000000000002,304.126,418.571,1597.393,7.958437499999998,107.2333333333333,0.093722091110352,498.5463776201664,0.137738886015378,0.252683556863487,391.0919999999999,-221.402,-114.756,27.669,Historical Data
1985Q3,6.062904149531079,107.9,7.409723810487034,8604.219999999998,4386.773,423.703,81.748,297.273,414.168,1658.103,7.925156250000001,107.9,0.093963269097896,519.670316871014,0.137738886015378,0.253661065141081,403.48,-200.612,-125.212,22.494,Historical Data
1985Q4,2.962796731476658,109.0,7.242845452188962,8668.188,4444.094,431.232,79.45599999999999,305.433,438.867,1762.014,8.170161290322582,109.0,0.094202033694047,520.7258106441669,0.137738886015378,0.25482311547883,406.7640000000001,-203.917,-138.592,25.604,Historical Data
1986Q1,3.717660621445162,109.5666666666667,7.167304481082148,8749.127,4507.894,427.772,84.392,313.404,439.418,1797.119,7.787704918032788,109.5666666666667,0.09443858408602,518.8213560973124,0.137738886015378,0.256132998008152,404.914,-206.504,-136.836,22.15900000000001,Historical Data
1986Q2,1.797142218030245,109.0333333333333,7.343213410489335,8788.523999999998,4545.34,431.001,85.48,315.119,443.99,1853.876,6.95796875,109.0333333333333,0.09467311844241,543.9364651500492,0.137738886015378,0.2575498820377,422.5570000000001,-227.964,-142.768,15.494,Historical Data
1986Q3,3.808483781401151,109.7,7.155342706090773,8872.601000000002,4607.669,441.215,86.93600000000002,320.471,459.432,1922.804,6.223281249999999,109.7,0.094905831897877,571.8810274139455,0.137738886015378,0.259031868051612,431.1689999999999,-232.345,-152.196,18.178,Historical Data
1986Q4,2.139837666846489,110.4666666666667,6.996352625717228,8920.193,4657.627,458.088,97.92399999999998,334.999,468.628,2007.547,6.412096774193548,110.4666666666667,0.095136919158713,562.3814625667168,0.137738886015378,0.26053793240625,430.284,-196.945,-156.904,11.99600000000001,Historical Data
1987Q1,2.956427197416645,111.8,6.762735754093141,8986.367,4722.156,452.592,98.714,336.451,477.685,2032.516,6.155573770491801,111.8,0.095366574877139,566.2619551399232,0.137738886015378,0.262029706358036,431.552,-197.561,-157.06,14.36799999999999,Historical Data
1987Q2,4.289627008298424,113.0666666666667,6.432004051178875,9083.255999999998,4806.16,513.671,111.786,355.36,502.337,2070.171,6.658281250000001,113.0666666666667,0.09559499182705,576.4885072666772,0.137738886015378,0.263476539779927,436.574,-144.0,-159.94,18.133,Historical Data
1987Q3,3.4537585332302,114.2666666666667,6.172963602465121,9162.023999999998,4884.555,490.9,116.172,371.854,517.318,2105.975,6.863230769230768,114.2666666666667,0.095822359609112,573.5196477867192,0.137738886015378,0.264853621522555,438.897,-155.627,-160.516,17.765,Historical Data
1987Q4,6.809534933022832,115.3333333333333,6.030871622786593,9319.332,5007.994,509.345,110.728,392.107,537.511,2181.714,6.910806451612903,115.3333333333333,0.096048863994545,585.8464542197114,0.137738886015378,0.26614241418292,447.569,-165.757,-165.128,19.68400000000001,Historical Data
1988Q1,2.062205152301289,116.2333333333333,5.875547612081345,9367.502,5073.372,504.194,107.959,418.727,542.714,2218.918,6.665322580645162,116.2333333333333,0.096274685331035,563.2793525361426,0.137738886015378,0.267329311526256,460.956,-166.622,-131.808,24.989,Historical Data
1988Q2,5.221895070209825,117.5666666666667,5.64859396214501,9490.594,5190.036,500.553,115.271,439.471,546.098,2245.379,7.164687499999999,117.5666666666667,0.096499998322657,559.0876159671595,0.137738886015378,0.268403095975053,462.218,-158.664,-115.584,22.81599999999999,Historical Data
1988Q3,2.337038081910237,119.0,5.660439447857901,9546.206,5282.835,509.06,125.068,453.586,552.849,2298.445,7.985624999999998,119.0,0.096724972754093,555.2533795018929,0.137738886015378,0.269353293466667,468.227,-153.276,-111.696,20.16200000000001,Historical Data
1988Q4,5.294627749614023,120.3,5.503694705759887,9673.405000000002,5399.509,519.445,130.878,466.619,574.314,2369.615,8.47967213114754,120.3,0.096949771721342,576.2034460557466,0.137738886015378,0.270171417380543,479.1310000000001,-161.267,-125.548,22.66300000000001,Historical Data
1989Q1,4.045057570484545,121.6666666666667,5.392653171361161,9771.725,5511.253,555.879,132.698,485.189,586.154,2402.768,9.483387096774193,121.6666666666667,0.097174550583236,562.4957807519548,0.137738886015378,0.270853821009832,495.489,-140.083,-113.968,22.39599999999999,Historical Data
1989Q2,3.040811120138898,123.6333333333333,5.422796344526226,9846.293,5612.463,569.158,118.685,507.229,595.389,2420.785,9.729843750000002,123.6333333333333,0.097399456878302,578.4958395297,0.137738886015378,0.271400939371785,500.369,-161.513,-100.672,21.666,Historical Data
1989Q3,2.952022606835669,124.6,5.442879323459926,9919.228,5695.365,574.317,114.378,509.352,584.427,2471.503,9.080476190476189,124.6,0.097624631485457,584.3385161444688,0.137738886015378,0.271819420228521,511.3900000000001,-165.57,-88.2,24.29599999999999,Historical Data
1989Q4,0.787149208384363,125.8666666666667,5.527272945071893,9938.767,5747.237,582.5450000000001,113.467,515.387,598.152,2550.522,8.64967741935484,125.8666666666667,0.097850207448082,579.4732966342439,0.137738886015378,0.272117620567769,525.396,-170.29,-95.09999999999998,30.79900000000001,Historical Data
1990Q1,4.347812984836708,128.0333333333333,5.371450849844328,10047.386,5872.701,585.211,112.47,538.232,626.767,2604.054,8.26290322580645,128.0333333333333,0.098076310224327,592.7538451814984,0.137738886015378,0.2723038198714,542.1030000000001,-198.634,-94.584,29.51900000000001,Historical Data
1990Q2,1.449251534735652,129.3,5.413307933426214,10083.855,5960.028,597.499,116.771,545.925,614.759,2648.428,8.236718750000001,129.3,0.098303058512661,593.61504538602,0.137738886015378,0.272387474821461,557.4260000000002,-207.997,-78.096,31.624,Historical Data
1990Q3,0.266238094246773,131.5333333333333,5.754287545297077,10090.569,6015.116,603.7660000000001,119.935,555.149,630.102,2725.179,8.184126984126983,131.5333333333333,0.098530564965391,589.1012269649228,0.137738886015378,0.272377556369257,564.334,-199.571,-86.148,27.137,Historical Data
1990Q4,-3.658296259228422,133.7666666666667,6.168320781590053,9998.704,6004.733,604.318,118.817,568.186,647.282,2830.77,7.779193548387097,133.7666666666667,0.098758936709755,590.4738556658942,0.137738886015378,0.272282267116831,572.253,-206.898,-57.032,50.48699999999999,Historical Data
1991Q1,-1.876155659402912,134.7666666666667,6.617549452105031,9951.916,6035.178,583.4359999999999,115.281,573.177,620.317,2875.427,6.524754098360658,134.7666666666667,0.098988274715582,596.8528164026919,0.137738886015378,0.272113101760362,512.763,-185.764,39.828,39.45699999999999,Historical Data
1991Q2,3.106660757624979,135.5666666666667,6.876587939605927,10029.51,6126.862,588.6129999999999,110.887,590.733,613.921,2927.929,5.881562499999999,135.5666666666667,0.099218673556126,603.27557955984,0.137738886015378,0.271883829365228,577.0619999999999,-244.638,10.1,28.55799999999999,Historical Data
1991Q3,2.016344141362225,136.6,6.916649022377785,10080.195,6205.937,592.801,111.9,600.595,621.669,3037.876,5.679531249999999,136.6,0.099450210229337,595.0000796460491,0.137738886015378,0.271605625292479,611.801,-273.257,-16.744,25.10999999999999,Historical Data
1991Q4,1.391755339243161,137.7333333333333,7.151271147852222,10115.329,6264.54,601.163,113.131,615.217,638.27,3147.363,4.850806451612904,137.7333333333333,0.0996829530206569,576.5215013613334,0.137738886015378,0.271285873693814,647.6940000000001,-289.968,-21.604,33.22099999999999,Historical Data
1992Q1,4.760567368570179,138.6666666666667,7.414493876860007,10236.435,6363.102,591.549,125.009,625.287,645.823,3224.431,4.060322580645161,138.6666666666667,0.099916965462723,582.2429903537363,0.137738886015378,0.270928692938347,685.173,-325.638,-24.936,32.73299999999999,Historical Data
1992Q2,4.31386743708444,139.7333333333333,7.64457701241451,10347.429,6470.763,609.7729999999999,126.767,626.163,658.951,3297.691,3.818125000000001,139.7333333333333,0.100152310510972,580.8527847439407,0.137738886015378,0.270535125937656,706.6360000000001,-328.664,-47.56,32.056,Historical Data
1992Q3,3.933041199498177,140.8,7.688768663556578,10449.673,6566.641,618.793,122.098,639.365,677.853,3388.752,3.312769230769231,140.8,0.100389055100898,595.2574914483777,0.137738886015378,0.270104625939005,715.48,-344.177,-58.812,29.21000000000001,Historical Data
1992Q4,4.149821489325944,142.0333333333333,7.462980355972737,10558.648,6680.803,641.6460000000001,131.623,641.396,688.536,3491.131,3.062580645161291,142.0333333333333,0.100627271795219,595.9901914768463,0.137738886015378,0.269635346745403,728.623,-339.535,-75.148,30.309,Historical Data
1993Q1,0.667218104824485,143.0666666666667,7.196235517346206,10576.275,6729.459,619.8489999999999,136.367,643.606,699.31,3543.006,3.09704918032787,143.0666666666667,0.100867038507956,569.0000921657581,0.137738886015378,0.269123777564032,735.5590000000002,-337.49,-59.108,37.20700000000001,Historical Data
1993Q2,2.32193150936979,144.1,7.123640331257352,10637.847,6808.939,646.1469999999999,148.669,653.094,716.281,3613.622,3.02140625,144.1,0.101108438632432,563.0950777176971,0.137738886015378,0.268566102991163,743.0410000000002,-308.776,-82.71599999999998,30.65100000000001,Historical Data
1993Q3,1.904080189904533,144.7666666666667,6.870252927997001,10688.606,6882.098,661.918,140.65,650.897,719.251,3674.514,3.093593750000001,144.7666666666667,0.101351560160279,563.5291486180122,0.137738886015378,0.267960002193357,759.682,-318.868,-85.208,36.15600000000001,Historical Data
1993Q4,5.403929208030434,145.9666666666667,6.698089954516484,10833.987,7013.738,678.0640000000001,171.866,671.6,745.049,3784.333,2.99125,145.9666666666667,0.101596495145538,568.6676353276998,0.137738886015378,0.267306066726338,772.1900000000002,-289.012,-112.232,20.61799999999999,Historical Data
1994Q1,3.862740813035259,146.7,6.49595200767058,10939.116,7115.652,676.623,149.467,681.232,761.827,3827.646,3.25,146.7,0.10184334052694,541.4871226732944,0.137738886015378,0.266604294973717,767.4209999999998,-269.091,-99.92400000000002,27.358,Historical Data
1994Q2,5.384328630134405,147.5333333333333,6.091821528282015,11087.361,7246.931,701.027,158.008,706.988,797.5599999999998,3844.798,3.95140625,147.5333333333333,0.102092198379329,540.8488676836721,0.137738886015378,0.265858942789036,774.5870000000002,-238.564,-114.312,22.84899999999999,Historical Data
1994Q3,2.33152995976269,148.9,5.996168053518924,11152.176,7331.075,698.558,173.818,736.883,833.751,3896.174,4.515937499999998,148.9,0.102343173816694,563.3047422233452,0.137738886015378,0.265072018124762,780.799,-256.801,-126.432,21.29499999999999,Historical Data
1994Q4,4.556232746715239,149.7666666666667,5.618748948213758,11279.932,7455.288,708.6500000000001,183.6,758.646,860.559,3977.825,5.180327868852459,149.7666666666667,0.102596374452417,545.0098696240856,0.137738886015378,0.26424403575734,811.9369999999998,-258.039,-145.78,20.36099999999999,Historical Data
1995Q1,1.416610584325184,150.8666666666666,5.483513095070713,11319.951,7522.289,728.213,187.793,781.5700000000002,886.899,4034.816,5.837580645161292,150.8666666666666,0.102851909659055,545.7192674010271,0.137738886015378,0.26337579881724,822.578,-254.439,-125.736,29.827,Historical Data
1995Q2,1.191514986035713,152.1,5.666775675166191,11353.721,7580.997,750.516,184.423,798.851,908.343,4070.417,6.021406249999998,152.1,0.103109893212238,544.6441735167166,0.137738886015378,0.262469255731007,829.599,-243.004,-128.052,32.64099999999999,Historical Data
1995Q3,3.388508904282617,152.8666666666667,5.666188174482856,11450.31,7683.125,756.384,191.007,831.399,905.843,4105.03,5.811587301587302,152.8666666666667,0.103370443025209,541.2936438209532,0.137738886015378,0.261528499613263,835.5679999999999,-246.999,-107.908,18.852,Historical Data
1995Q4,2.707146698772078,153.7,5.568570675137585,11528.067,7772.586,774.178,187.124,839.421,909.201,4151.993,5.75209677419355,153.7,0.103633680577603,524.3639215219138,0.137738886015378,0.260557631056958,829.831,-223.996,-92.58799999999998,30.48699999999999,Historical Data
1996Q1,2.985034692400035,155.0666666666667,5.543661883341199,11614.418,7868.468,806.335,194.291,847.9400000000002,936.735,4228.065,5.398387096774194,155.0666666666667,0.103899730377533,538.3585523922303,0.137738886015378,0.259560384668421,865.17,-224.795,-109.76,37.26599999999999,Historical Data
1996Q2,6.616746723562983,156.4,5.465624561615767,11808.14,8032.84,844.404,205.452,859.042,952.751,4216.407,5.280312499999999,156.4,0.104168717975828,544.3870380673752,0.137738886015378,0.2585387910678,875.197,-180.155,-119.36,29.006,Historical Data
1996Q3,3.57213717308511,157.3,5.267028663655937,11914.063,8131.408,848.926,205.86,859.577,973.7569999999998,4268.812,5.337343749999998,157.3,0.104440773073,536.5876593137425,0.137738886015378,0.257493021735354,870.127,-170.635,-144.232,25.81199999999998,Historical Data
1996Q4,4.132062019747451,158.6666666666667,5.317824788519387,12037.775,8259.771000000002,869.2900000000002,208.645,903.798,992.62,4343.083,5.319516129032256,158.6666666666667,0.104716029106062,535.4015622159657,0.137738886015378,0.256423072221747,863.986,-141.945,-125.74,31.392,Historical Data
1997Q1,2.573476535230412,159.6333333333334,5.218554795252195,12115.472,8362.655000000002,906.948,210.014,918.374,1027.213,4381.251,5.288688524590164,159.6333333333334,0.104994621186455,524.2945666745104,0.137738886015378,0.255328678080382,886.8150000000002,-121.468,-144.316,23.11799999999999,Historical Data
1997Q2,6.606020401069657,160.0,4.972335002678186,12317.221,8518.825,921.1460000000002,214.03,954.45,1039.651,4321.557,5.555624999999999,160.0,0.105276683907303,542.9981673362743,0.137738886015378,0.25420893096166,886.2959999999998,-104.023,-115.192,30.678,Historical Data
1997Q3,4.963354527751562,160.8,4.863447952337207,12471.01,8662.823,946.164,226.003,974.057,1070.888,4347.737,5.567656249999999,160.8,0.105562352522833,542.6379467843972,0.137738886015378,0.253061333103756,887.4400000000002,-68.547,-130.868,23.07999999999998,Historical Data
1997Q4,3.400942019748499,161.6666666666667,4.691595423069195,12577.495,8765.907,973.4100000000002,215.878,968.33,1085.344,4406.492,5.545161290322579,161.6666666666667,0.105851761197962,543.2325374377599,0.137738886015378,0.251881630775923,908.225,-73.815,-172.504,16.32400000000001,Historical Data
1998Q1,3.994995954540315,162.0,4.62048192198099,12703.742,8866.48,1000.896,213.455,963.021,1098.236,4421.163,5.519836065573772,162.0,0.106145041665214,523.1947673363313,0.137738886015378,0.250664513427033,903.957,-24.521,-176.016,25.35399999999998,Historical Data
1998Q2,3.685718592768694,162.5333333333333,4.401101615932412,12821.339,8969.699000000002,1027.448,209.941,947.295,1109.626,4350.424,5.511718750000001,162.5333333333333,0.106442324027681,539.1988110989636,0.137738886015378,0.249402613657898,907.9929999999998,-10.363,-205.396,22.49600000000004,Historical Data
1998Q3,5.004326030774564,163.3666666666667,4.512506364574442,12982.752,9121.097,1048.789,215.797,935.263,1109.897,4336.375,5.556923076923077,163.3666666666667,0.106743735595892,536.482360891172,0.137738886015378,0.248089232943736,910.077,19.908,-235.556,9.569999999999991,Historical Data
1998Q4,6.385544996209802,164.1333333333333,4.419724131266056,13191.67,9293.991,1075.269,211.267,966.337,1145.0,4395.086,4.880645161290323,164.1333333333333,0.107049399899641,541.1874379768467,0.137738886015378,0.246717960853369,917.6809999999998,20.567,-243.296,12.22500000000002,Historical Data
1999Q1,3.740194050978829,164.7333333333333,4.266650208608269,13315.597,9411.682,1083.512,222.28,960.764,1173.324,4392.185,4.766229508196721,164.7333333333333,0.107359435406827,540.6185182224283,0.137738886015378,0.245283519505473,927.7049999999998,48.014,-243.352,25.93099999999998,Historical Data
1999Q2,3.325112739828029,165.9666666666667,4.237402744201568,13426.748,9526.21,1101.344,219.882,974.597,1222.126,4294.362,4.75703125,165.9666666666667,0.107673955051693,541.2407006049528,0.137738886015378,0.243782207547417,925.7589999999998,68.222,-271.828,30.92099999999999,Historical Data
1999Q3,5.268681314312573,167.2,4.227652360192891,13604.771,9686.626,1127.121,223.266,1005.309,1281.712,4290.764,5.1225,167.2,0.107993066183837,555.3742184178333,0.137738886015378,0.242211624180801,937.731,71.658,-304.516,28.62099999999998,Historical Data
1999Q4,6.509414268426639,168.4333333333333,4.066838177560284,13827.98,9900.169,1160.162,227.985,1030.971,1332.679,4365.0,5.305079365079363,168.4333333333333,0.108316868752388,572.6580401271351,0.137738886015378,0.240570725634424,950.8820000000002,88.602,-326.74,38.14100000000001,Historical Data
2000Q1,1.448547603220618,170.1,4.031351282133588,13878.147,10002.179,1215.898,239.393,1052.904,1409.487,4326.404,5.731904761904761,170.1,0.108645455002163,542.8933855885604,0.137738886015378,0.238861366064307,950.3049999999998,175.456,-379.088,33.084,Historical Data
2000Q2,7.219604137991809,171.4333333333333,3.948221767667559,14130.908,10247.72,1238.067,237.6,1093.36,1455.86,4147.231,6.285468750000001,171.4333333333333,0.108978908967931,561.9959797336065,0.137738886015378,0.237089068694082,977.2710000000002,147.634,-385.568,35.67000000000002,Historical Data
2000Q3,0.407522681486938,173.0,4.028613760518085,14145.312,10318.165,1255.133,219.049,1125.002,1518.869,4107.482,6.51142857142857,173.0,0.109317304452095,552.1598306199492,0.137738886015378,0.235266250411827,988.7380000000002,157.652,-417.896,30.48000000000002,Historical Data
2000Q4,2.381054313956099,174.2333333333333,3.91858646341231,14229.765,10435.744,1266.472,221.267,1113.177,1524.52,4090.025,6.499677419354841,174.2333333333333,0.109660705947926,554.3106851530055,0.137738886015378,0.233412603570496,1004.431,157.999,-425.116,54.68699999999995,Historical Data
2001Q1,-1.313348979657292,175.9,4.232963529855915,14183.12,10470.231,1309.906,185.054,1096.812,1499.464,4122.03,5.611774193548388,175.9,0.110009168062198,569.5529980541155,0.137738886015378,0.231552694083256,1037.516,128.432,-428.544,40.06599999999997,Historical Data
2001Q2,2.490243965908689,177.1333333333334,4.415715896965933,14271.694,10599.0,1316.105,179.04,1058.013,1422.028,3976.229,4.33078125,177.1333333333334,0.110362735367513,581.9110153799484,0.137738886015378,0.229717836218176,1067.475,94.77800000000002,-381.004,48.42700000000001,Historical Data
2001Q3,-1.605775616727101,177.6333333333333,4.813780616663143,14214.516,10598.02,1121.612,159.257,998.902,1369.536,4058.181,3.487936507936509,177.6333333333333,0.110721443830056,587.0723594453825,0.137738886015378,0.227940137358244,1073.867,-130.023,-413.74,25.01799999999997,Historical Data
2001Q4,1.09759452094309,177.5,5.543299915504274,14253.574,10660.465,1240.284,142.386,953.52,1323.208,4145.237,2.153387096774194,177.5,0.111085321868279,597.7143320274479,0.137738886015378,0.226250431042928,1120.671,-33.029,-353.052,87.94299999999998,Historical Data
2002Q1,3.331522227558281,178.0666666666667,5.706287843275659,14372.785,10783.5,1082.726,143.823,969.157,1356.041,4183.973,1.740806451612903,178.0666666666667,0.111454389555425,622.2241088214221,0.137738886015378,0.224676118012494,1152.063,-225.832,-410.432,49.64299999999997,Historical Data
2002Q2,2.443348677388002,179.4666666666667,5.854081137684696,14460.848,10887.46,1058.956,150.03,1004.154,1432.413,4213.894,1.7565625,179.4666666666667,0.111828661799335,638.479757826263,0.137738886015378,0.22323757248289,1172.086,-262.154,-458.676,30.923,Historical Data
2002Q3,1.622749618951502,180.4333333333333,5.740611949501817,14519.633,10984.04,1052.19,157.959,1015.56,1463.107,4314.504,1.748125,180.4333333333333,0.112208149873321,645.5156896301063,0.137738886015378,0.221945890753706,1183.716,-278.668,-459.416,43.47499999999997,Historical Data
2002Q4,0.494114897589526,181.5,5.861248108902062,14537.58,11061.433,1047.094,175.496,1003.046,1499.335,4427.328,1.455483870967742,181.5,0.112592861750782,660.6769401306125,0.137738886015378,0.220803291183876,1200.843,-304.599,-495.9,59.13199999999996,Historical Data
2003Q1,2.101040306339996,183.3666666666667,5.888651665410549,14614.141,11174.129,1029.151,196.05,1004.201,1529.463,4517.892,1.255245901639345,183.3666666666667,0.112982801651538,666.1657784393361,0.137738886015378,0.219803739259387,1220.715,-330.445,-541.448,43.56,Historical Data
2003Q2,3.52689218114719,183.0666666666667,6.16677524154513,14743.567,11312.766,1031.555,192.631,1007.465,1527.336,4585.543,1.253749999999999,183.0666666666667,0.113377969971888,696.6818545234079,0.137738886015378,0.218933692240511,1238.345,-387.255,-517.344,56.36500000000001,Historical Data
2003Q3,6.598081034377401,184.4333333333333,6.117294553133579,14988.782,11566.669,958.9849999999998,213.867,1037.31,1556.304,4702.629,1.015,184.4333333333333,0.113778363174492,698.0923712918145,0.137738886015378,0.218175676433254,1256.54,-469.436,-520.42,54.50299999999999,Historical Data
2003Q4,4.616146818960942,185.1333333333333,5.827283440813358,15162.76,11772.234,1031.432,236.571,1091.682,1615.376,4848.035,0.999516129032258,185.1333333333333,0.114183973941226,718.7653397674045,0.137738886015378,0.21750683849936,1258.301,-402.384,-509.96,79.55799999999998,Historical Data
2004Q1,2.260208095560756,186.7,5.694431189534354,15248.68,11923.447,1021.876,246.989,1133.669,1699.644,4970.105,1.003225806451613,186.7,0.114594791223632,728.1107282628774,0.137738886015378,0.216900679968611,1299.919,-428.974,-547.956,98.00700000000002,Historical Data
2004Q2,3.087859967576634,188.1666666666667,5.603463256276376,15366.85,12112.815,1035.808,266.759,1170.152,1787.734,5018.844,1.01328125,188.1666666666667,0.115010798481201,733.7314088563336,0.137738886015378,0.216328599316344,1313.977,-396.917,-624.436,72.79500000000002,Historical Data
2004Q3,3.776491954068462,189.3666666666666,5.452139139846645,15512.619,12305.307,1072.879,288.345,1180.185,1832.856,5117.264,1.439375,189.3666666666666,0.115431975016292,745.7243500722808,0.137738886015378,0.215758525463598,1321.207,-365.981,-646.008,81.61200000000001,Historical Data
2004Q4,4.060156528453263,191.4,5.405891795021967,15670.88,12527.214,1104.855,293.555,1221.444,1921.78,5250.883,1.957142857142858,191.4,0.115858295155138,740.3644753067475,0.137738886015378,0.215156618183386,1339.585,-382.09,-725.164,54.43899999999996,Historical Data
2005Q1,4.413020211694629,192.3666666666667,5.29507526161167,15844.727,12767.286,1183.15,370.593,1258.408,1955.063,5403.995,2.480483870967742,192.3666666666667,0.116289726964502,752.6078414862183,0.137738886015378,0.214488352941759,1381.945,-305.229,-683.296,87.07800000000003,Historical Data
2005Q2,1.965660123449453,193.6666666666667,5.127289800270507,15922.782,12922.656,1206.253,359.036,1294.853,2002.063,5356.972,2.94265625,193.6666666666667,0.116726231591931,753.367764055853,0.137738886015378,0.213719607482984,1396.362,-306.677,-722.568,74.34199999999998,Historical Data
2005Q3,3.123032680452553,196.6,4.980116892034081,16047.587,13142.642,1238.598,365.223,1302.315,2053.275,5443.776,3.462343749999999,196.6,0.117167764557029,763.919647389367,0.137738886015378,0.212821866622487,1416.503,-300.591,-752.772,83.02600000000001,Historical Data
2005Q4,2.215916948830454,198.4333333333333,4.970610612827664,16136.734,13324.204,1268.641,402.882,1350.743,2155.529,5584.775,3.976666666666667,198.4333333333333,0.117614274697189,762.5416007468152,0.137738886015378,0.211770695643896,1425.722,-262.532,-838.292,54.75400000000002,Historical Data
2006Q1,5.345655379085201,199.4666666666667,4.733425339463682,16353.835,13599.16,1331.127,416.854,1413.966,2204.784,5726.756,4.467258064516129,199.4666666666667,0.118065703552652,794.7900931569599,0.137738886015378,0.210545806693246,1473.021,-245.289,-798.024,55.79100000000005,Historical Data
2006Q2,1.033674299559806,201.2666666666667,4.671915225621303,16396.151,13753.424,1362.249,427.581,1459.767,2253.809,5656.53,4.90375,201.2666666666667,0.11852198422049,787.551802859827,0.137738886015378,0.209132748698909,1494.473,-230.58,-819.812,49.45299999999997,Historical Data
2006Q3,0.599374416032106,203.1666666666667,4.666577660685267,16420.738,13870.188,1370.424,446.571,1475.417,2298.702,5714.828,5.249365079365077,203.1666666666667,0.118983043041707,775.7799100505606,0.137738886015378,0.207523039344486,1520.691,-212.851,-873.768,36.45799999999997,Historical Data
2006Q4,3.423110226166415,202.3333333333333,4.462871114348232,16561.866,14039.56,1418.943,409.794,1531.531,2269.198,5803.923,5.245645161290323,202.3333333333333,0.119448799089757,793.6265874088115,0.137738886015378,0.20571502288424,1518.947,-199.056,-774.984,44.13700000000006,Historical Data
2007Q1,1.201536246852442,204.317,4.539896274775257,16611.69,14215.651,1478.688,413.646,1577.991,2317.264,5940.824,5.261935483870968,204.317,0.119919164175372,787.2181088403885,0.137738886015378,0.203714734230964,1593.88,-209.84,-801.26,42.94200000000001,Historical Data
2007Q2,2.439593165872367,206.631,4.510605276084545,16713.314,14402.082,1509.627,407.173,1622.764,2368.569,5819.983,5.248906249999999,206.631,0.120394041241237,806.9059632588496,0.137738886015378,0.201534224056138,1584.156,-230.996,-773.336,61.19399999999996,Historical Data
2007Q3,2.297492443722859,207.939,4.679084651981313,16809.587,14564.117,1511.849,370.913,1685.71,2414.664,5941.94,5.09031746031746,207.939,0.120873327577543,814.1283252474644,0.137738886015378,0.199194428665567,1604.866,-278.989,-703.024,117.634,Historical Data
2007Q4,2.505086204877927,210.4896666666667,4.820112924169973,16915.191,14715.058,1525.354,352.745,1750.714,2480.413,6074.315,4.496451612903225,210.4896666666667,0.121356912098736,832.2060414497677,0.137738886015378,0.196723230883833,1641.15,-318.881,-668.576,160.886,Historical Data
2008Q1,-1.710710236012858,212.7696666666667,5.011185954671027,16843.003,14706.538,1549.833,291.925,1813.321,2584.568,6259.453,3.168870967741936,212.7696666666667,0.121844674929115,847.2004582898205,0.137738886015378,0.194153845311708,1675.268,-404.574,-729.136,150.803,Historical Data
2008Q2,2.374650372526332,215.5376666666666,5.351879416134087,16943.291,14865.701,1566.963,278.733,1905.282,2681.686,6217.605,2.0903125,215.5376666666666,0.122336487702922,869.299737900652,0.137738886015378,0.191524287660852,2021.807,-776.446,-719.264,157.509,Historical Data
2008Q3,-2.106569521113499,218.861,6.043409219166096,16854.295,14898.999,1512.849,264.368,1922.215,2709.569,6762.926,1.9575,218.861,0.122832213701651,879.5393149475466,0.137738886015378,0.188873602994799,1811.348,-619.539,-712.776,176.731,Historical Data
2008Q4,-8.853365095794175,213.8486666666667,6.892421221041245,16485.35,14608.209,1468.104,162.552,1700.304,2328.779,7376.817,0.534032258064516,213.8486666666667,0.123331729022894,888.9511590126424,0.137738886015378,0.186241407833515,1777.686,-699.189,-624.916,95.81399999999996,Historical Data
2009Q1,-4.565452543960902,212.3776666666667,8.311657929561711,16298.262,14430.902,1215.914,166.476,1511.768,1932.761,7820.167,0.187049180327869,212.3776666666667,0.123834906149032,900.2489967466903,0.137738886015378,0.183666668291522,1889.877,-1100.323,-397.608,120.682,Historical Data
2009Q2,-0.715242887051204,213.507,9.309448499627148,16269.145,14381.236,1144.848,188.568,1521.093,1879.461,8162.894,0.17859375,213.507,0.124341610466146,923.2615411524844,0.137738886015378,0.181183011240523,2024.207,-1300.847,-348.356,122.766,Historical Data
2009Q3,1.402308618855841,215.344,9.641458177641804,16326.281,14448.882,1146.642,200.681,1594.725,2018.722,8557.508,0.154615384615385,215.344,0.124851706670172,932.5292748290566,0.137738886015378,0.178815413153167,2049.793999999999,-1307.402,-365.536,182.426,Historical Data
2009Q4,4.300454151697863,217.03,9.951066554398114,16502.754,14651.249,1153.178,234.161,1703.508,2176.763,8882.645,0.118709677419355,217.03,0.125365066805273,948.9822279070528,0.137738886015378,0.176582829664241,2047.238,-1264.126,-407.416,175.096,Historical Data
2010Q1,1.933324088271604,217.374,9.854748771419697,16582.71,14764.61,1204.027,249.773,1759.877,2269.069,9343.728999999998,0.13672131147541,217.374,0.125881570731365,958.8948666439552,0.137738886015378,0.174497285141967,2159.562,-1344.417,-412.136,204.2850000000001,Historical Data
2010Q2,3.851739929043418,217.2973333333333,9.683980205613496,16743.162,14980.193,1226.847,255.593,1819.741,2362.255,9692.462,0.191875,217.2973333333333,0.126401104242611,969.1469900229152,0.137738886015378,0.172566214559868,2165.177,-1325.039,-446.944,206.8309999999999,Historical Data
2010Q3,3.072509082001318,217.9343333333333,9.501531417246722,16872.266,15141.607,1268.926,272.561,1877.253,2431.195,10099.248,0.1884375,217.9343333333333,0.126923564504696,966.4780936416456,0.137738886015378,0.170792954151797,2189.827,-1309.148,-466.476,198.106,Historical Data
2010Q4,2.094945457780284,219.699,9.553530469345128,16960.864,15309.474,1306.13,283.996,1972.116,2495.702,10528.562,0.189365079365079,219.699,0.127448858449654,966.495415581908,0.137738886015378,0.169177574520914,2201.199,-1294.842,-402.484,213.3109999999999,Historical Data
2011Q1,-0.949946694419879,222.0436666666667,9.05259542344876,16920.632,15351.448,1440.123,277.286,2040.407,2608.884,10774.648,0.155483870967742,222.0436666666667,0.127976903092847,942.7074762708382,0.137738886015378,0.167716476294557,2209.789,-1244.408,-476.944,222.8870000000001,Historical Data
2011Q2,2.697214987466623,224.5683333333334,9.08686491385252,17035.114,15557.539,1459.368,276.915,2116.132,2697.224,10885.275,0.09328125,224.5683333333334,0.128507624669801,938.723310178648,0.137738886015378,0.16640325824326,2210.03,-1274.405,-477.74,222.471,Historical Data
2011Q3,-0.089260902313981,226.0326666666666,9.03033087645515,17031.313,15647.68,1487.827,248.153,2156.793,2723.903,11276.944,0.08390625,226.0326666666666,0.129040957109956,910.7608904615968,0.137738886015378,0.165230500710828,2200.318,-1218.459,-427.44,245.818,Historical Data
2011Q4,4.467158724585829,227.0473333333333,8.670560114685689,17222.583,15842.259,1487.712,286.997,2150.123,2751.911,11667.25,0.075081967213115,227.0473333333333,0.1295768402614,915.5040480996436,0.137738886015378,0.164188262505847,2209.745,-1199.289,-439.084,260.552,Historical Data
2012Q1,3.340376727516059,228.326,8.263275263804548,17367.01,16068.805,1483.718,310.714,2189.981,2792.253,12049.105,0.106290322580645,228.326,0.130115217970509,915.6159790821156,0.137738886015378,0.163261494940061,2199.263,-1110.394,-455.648,246.188,Historical Data
2012Q2,1.781366506529025,228.808,8.177285247770417,17444.525,16207.115,1503.776,325.041,2215.586,2780.827,12253.605,0.15453125,228.808,0.130656037611627,906.9366009365738,0.137738886015378,0.162431755516614,2230.0,-1093.12,-440.016,228.096,Historical Data
2012Q3,0.575697505944817,229.841,8.015740864167942,17469.65,16319.541,1526.453,332.876,2227.734,2750.817,12503.109,0.146190476190476,229.841,0.131199248032059,911.8825436638168,0.137738886015378,0.161678448926057,2242.471,-1086.744,-395.464,229.211,Historical Data
2012Q4,0.462294966300192,231.3693333333333,7.810942214656125,17489.852,16420.419,1590.912,332.83,2237.498,2753.373,12847.828,0.160967741935484,231.3693333333333,0.131744800046278,887.3513464719288,0.137738886015378,0.16098021046922,2247.803,-1000.485,-381.6,227.2669999999999,Historical Data
2013Q1,3.926903706206275,232.2993333333334,7.748393367645489,17662.4,16648.189,1667.972,350.616,2255.929,2755.277,13195.652,0.144262295081967,232.2993333333334,0.132292645479777,860.1175700086167,0.137738886015378,0.160315821721373,2260.365,-774.26,-363.692,215.897,Historical Data
2013Q2,1.069115306054869,232.045,7.538412921361215,17709.671,16728.687,1700.976,347.25,2261.403,2759.783,13104.008,0.11703125,232.045,0.132842736000889,853.8727577828461,0.137738886015378,0.159664382704558,2276.729,-531.289,-356.644,229.015,Historical Data
2013Q3,3.39115862099888,233.3,7.258868903058513,17860.45,16953.838,1694.862,353.854,2285.116,2767.183,13257.919,0.08546875,233.3,0.133395022382431,843.5758238531047,0.137738886015378,0.159006535849351,2298.71,-703.395,-341.568,240.418,Historical Data
2013Q4,3.47185609530527,234.1626666666667,6.957246902489267,18016.147,17192.019,1718.837,356.649,2349.24,2783.259,13705.127,0.085483870967742,234.1626666666667,0.133949454135606,830.4718887326359,0.137738886015378,0.158324308545233,2264.881,-526.798,-296.164,235.62,Historical Data
2014Q1,-1.382771259864057,235.621,6.630904345973876,17953.974,17197.738,1767.624,392.621,2343.602,2853.69,13954.551,0.072786885245902,235.621,0.134505979152451,820.2401194848572,0.137738886015378,0.157601404298957,2311.647,-556.564,-363.656,237.467,Historical Data
2014Q2,5.134276091659729,236.8723333333333,6.218510249333509,18185.911,17518.508,1779.426,414.281,2395.168,2900.572,13911.001,0.09109375,236.8723333333333,0.135064540262778,815.2974102951708,0.137738886015378,0.156823085214345,2324.546,-580.242,-348.676,228.397,Historical Data
2014Q3,4.832259330312638,237.4783333333333,6.095947750656094,18406.941,17804.228,1819.858,386.705,2399.191,2888.549,14141.265,0.0896875,237.4783333333333,0.135625076358596,831.9599673951603,0.137738886015378,0.155979823062563,2354.177,-627.925,-356.756,252.0020000000001,Historical Data
2014Q4,2.017834406173336,236.8883333333333,5.710701652143513,18500.031,17912.079,1857.355,390.39,2376.218,2906.969,14441.054,0.102096774193548,236.8883333333333,0.136187521435584,815.9389006034803,0.137738886015378,0.155066655166515,2425.463,-611.353,-411.136,222.768,Historical Data
2015Q1,3.585819150769964,235.355,5.526820927602227,18666.621,18063.529,1927.547,402.746,2299.045,2825.476,14519.909,0.114590163934426,235.355,0.136751804729921,820.3044004577696,0.137738886015378,0.154080672390798,2472.662,-578.681,-397.58,222.741,Historical Data
2015Q2,2.469978633014591,236.96,5.432618615796125,18782.243,18279.784,1965.722,408.311,2300.441,2809.968,14505.616,0.1259375,236.96,0.13731785364706,825.0878184139158,0.137738886015378,0.153021469370869,2491.376,-545.377,-397.9,211.9830000000001,Historical Data
2015Q3,1.597784846276085,237.855,5.117347016228068,18857.418,18401.626,1971.555,380.224,2260.724,2798.806,14600.73,0.135692307692308,237.855,0.137885595234695,824.2979838427411,0.137738886015378,0.151892654316423,2527.96,-565.247,-439.708,213.16,Historical Data
2015Q4,0.737236690842025,237.837,5.030321075678423,18892.206,18435.137,1987.442,349.317,2222.279,2745.517,15165.626,0.160806451612903,237.837,0.138454955308841,832.9691191198506,0.137738886015378,0.150702676655547,2450.03,-540.453,-398.628,232.63,Historical Data
2016Q1,2.311386607388499,237.6893333333333,4.896395148920119,19001.69,18525.933,1949.931,364.104,2181.957,2693.639,15401.755,0.365806451612903,237.6893333333333,0.139025858834168,831.6053970245873,0.137738886015378,0.149463609415879,2550.583000000001,-638.761,-416.06,214.626,Historical Data
2016Q2,1.282438265069175,239.5903333333333,4.918962252389091,19062.709,18711.702,1967.568,367.137,2221.936,2711.306,15409.707,0.37,239.5903333333333,0.139598224526696,824.5302398439907,0.137738886015378,0.148190455168687,2564.099,-654.562,-401.924,215.7470000000001,Historical Data
2016Q3,2.827543676441735,240.6073333333333,4.883974836928573,19197.938,18892.639,1996.035,375.514,2270.0,2751.229,15668.297,0.3953125,240.6073333333333,0.140171969067981,830.2858531058437,0.137738886015378,0.146901298734778,2606.069,-681.769,-398.248,219.824,Historical Data
2016Q4,2.21107411448429,242.1346666666667,4.779467196333654,19304.352,19089.379,2017.684,353.426,2268.339,2799.145,16008.291,0.449180327868853,242.1346666666667,0.140747005756882,831.9151017656253,0.137738886015378,0.145618237471423,2597.077000000001,-694.117,-368.632,275.2629999999999,Historical Data
2017Q1,1.942834932414428,243.8386666666667,4.569048140015253,19398.343,19280.084,2028.245,266.907,2339.728,2873.148,16005.625,0.703870967741935,243.8386666666667,0.141323245117663,826.3784363158686,0.137738886015378,0.144367816702176,2605.436,-710.078,-341.852,272.273,Historical Data
2017Q2,2.233244405191215,244.12,4.361804498360289,19506.949,19438.643,2037.088,279.589,2349.681,2903.18,15964.128,0.952812499999999,244.12,0.141900592597342,834.3091526935658,0.137738886015378,0.143179249508456,2657.886,-727.8,-415.76,264.1619999999999,Historical Data
2017Q3,3.141726102739284,245.287,4.313609699815935,19660.766,19692.595,2080.123,295.695,2384.524,2916.022,16267.151,1.155555555555554,245.287,0.142478946970856,832.9133059699601,0.137738886015378,0.142078232540225,2691.054000000001,-741.8049999999998,-343.064,308.455,Historical Data
2017Q4,4.48297110775755,247.2383333333333,4.171687669893654,19882.352,20037.088,2149.564,296.924,2479.107,3034.004,16606.939,1.201774193548386,247.2383333333333,0.143058201378521,849.3451050206053,0.137738886015378,0.141088056540753,2713.145,-767.505,-369.784,326.91,Historical Data
2018Q1,3.240477819667831,249.3216666666667,4.026134698759487,20044.077,20328.553,2096.48,270.359,2517.268,3093.299,17070.617,1.447903225806453,249.3216666666667,0.143638243093161,862.8761987301742,0.137738886015378,0.140230469247334,2744.156,-884.277,-387.692,314.8219999999999,Historical Data
2018Q2,2.11768492150739,250.679,3.921679034629488,20150.476,20580.912,2083.765,289.505,2562.172,3105.995,17114.196,1.737187500000001,250.679,0.144218952397285,870.2329355784243,0.137738886015378,0.139525468062149,2774.226,-901.061,-376.616,303.4710000000001,Historical Data
2018Q3,2.487041930090328,251.6863333333333,3.785404924679048,20276.154,20798.73,2110.728,287.142,2535.501,3153.747,17440.621,1.923492063492064,251.6863333333333,0.144800201773322,885.7570420666285,0.137738886015378,0.138989419999058,2766.935,-879.8099999999998,-477.796,268.2439999999999,Historical Data
2018Q4,0.566175993273532,252.711,3.831754168962465,20304.874,20917.867,2108.591,293.33,2537.415,3171.622,17865.026,2.21709677419355,252.711,0.14538185498396,895.2826396909519,0.137738886015378,0.13863595424618,2818.656000000001,-960.39,-517.292,274.6920000000001,Historical Data
2019Q1,2.489509162906955,253.3856666666667,3.849858818512786,20431.641,21111.6,2181.163,269.179,2540.244,3132.539,18143.779,2.401311475409838,253.3856666666667,0.145963764758236,916.5480293677938,0.137738886015378,0.138475902501902,2913.221,-1035.649,-460.516,292.3149999999999,Historical Data
2019Q2,3.326711173158259,255.2473333333333,3.650814804759694,20602.275,21397.938,2244.288,282.428,2547.448,3165.41,18053.021,2.3978125,255.2473333333333,0.146545773469986,916.2978489352844,0.137738886015378,0.138517487906379,2939.837,-1055.432,-468.028,292.915,Historical Data
2019Q3,4.652841032363852,256.0893333333333,3.61215088091893,20843.322,21717.171,2222.062,280.986,2532.405,3117.952,18616.233,2.1978125,256.0893333333333,0.1471277159702,930.751243342133,0.137738886015378,0.138764702215993,2951.453,-1064.674,-440.632,279.7459999999999,Historical Data
2019Q4,2.718254387221464,257.888,3.562622331640952,20985.448,21933.217,2253.06,302.213,2537.466,3050.824,19039.898,1.650483870967741,257.888,0.147709418573892,937.4164816132276,0.137738886015378,0.139217857215633,2988.849000000001,-1019.414,-397.832,262.6059999999999,Historical Data
2020Q1,-5.608905961007338,258.7673333333333,3.825968590934847,20693.238,21727.657,2276.168,255.928,2416.181,2929.759,19539.608,1.232903225806452,258.7673333333333,0.148290697603654,949.1318254416168,0.137738886015378,0.139873150542454,3052.63,-1072.413,-402.128,271.2919999999999,Historical Data
2020Q2,-32.95703595805222,256.326,12.98269517459628,19056.617,19935.444,2133.639,266.034,1814.401,2350.926,22391.682,0.05875,256.326,0.148871359049854,1047.295435469359,0.137738886015378,0.140723816867187,5351.612,-5349.867,-601.444,178.4110000000001,Historical Data
2020Q3,30.15512563270093,259.2416666666667,8.812323196936834,20548.793,21684.551,2275.172,340.107,2105.083,2801.482,22920.579,0.092769230769231,259.2416666666667,0.149451199523431,991.7088333700816,0.137738886015378,0.141758907704469,4238.540999999999,-3362.884,-675.716,209.877,Historical Data
2020Q4,4.315538261194973,261.0496666666667,6.733209497983738,20771.691,22068.767,2406.75,333.622,2268.891,3027.199,23621.06,0.089032258064516,261.0496666666667,0.15003011742733,996.9222467672416,0.137738886015378,0.14296527422382,3591.207,-1977.844,-725.516,186.808,Historical Data
2021Q1,5.48299324242052,263.6703333333333,6.22514798129542,21058.379,22656.793,2578.096,373.082,2381.224,3176.982,23962.809,0.076393442622951,263.6703333333333,0.150608053860171,1055.618335126386,0.137738886015378,0.144326871760229,5880.261,-4170.417,-758.016,183.4630000000001,Historical Data
2021Q2,6.231388706069652,268.6226666666666,5.919629444400876,21389.005,23368.861,2706.203,437.593,2505.032,3340.114,24321.359,0.06875,268.6226666666666,0.151184961062538,1023.729990860235,0.137738886015378,0.145825990291873,4174.349999999999,-3359.541,-844.9400000000002,129.992,Historical Data
2021Q3,3.396932727143565,272.89,5.115873178177576,21571.421,23921.991,2781.773,463.858,2570.103,3458.783,24449.968,0.0903125,272.89,0.151760900056945,996.709925543925,0.137738886015378,0.147442729335727,3933.237,-2270.413,-939.972,135.4209999999999,Historical Data
2021Q4,7.148379282892847,278.6803333333333,4.167380147513633,21960.388,24777.038,2880.152,526.0,2765.36,3685.956,25304.484,0.07952380952381,278.6803333333333,0.152335960590924,1010.034371549709,0.137738886015378,0.149156242905011,3730.16,-1554.694,-928.992,161.7329999999999,Historical Data
2022Q1,-1.031145806015843,284.826,3.832182044486843,21903.85,25215.491,3289.093,550.412,2848.698,3925.742,26035.871,0.124354838709677,284.826,0.1529102462569,978.540856808642,0.137738886015378,0.15094573695026,3806.467,-897.423,-1167.276,117.651,Historical Data
2022Q2,0.280619316335873,291.7063333333334,3.656638446677241,21919.222,25805.791,3332.031,574.71,3071.551,4093.663,26070.381,0.758571428571428,291.7063333333334,0.15348386165911,971.7070701670804,0.137738886015378,0.152792976128583,3832.402,-907.8920000000002,-1052.396,160.9740000000002,Historical Data
2022Q3,2.683809092822287,295.509,3.551340939272662,22066.784,26272.011,3258.703,561.226,3102.55,3988.447,26488.094,2.2009375,295.509,0.154056910724077,971.1711310770372,0.137738886015378,0.154683596638026,3903.022,-1052.542,-922.116,176.5649999999998,Historical Data
2022Q4,3.297680891456878,298.441,3.56879922066663,22249.459,26734.277,3236.845,569.086,3046.718,3897.402,26851.376,3.649672131147545,298.441,0.154629492671061,1002.952888596072,0.137738886015378,0.156606421969807,3967.501000000001,-1223.287,-906.604,141.8979999999999,Historical Data
2023Q1,2.758640643496335,301.203,3.501975905356491,22403.435,27164.359,2869.036,592.933,3060.562,3874.21,27248.228,4.521935483870969,301.203,0.155201701194364,1016.738084185386,0.137738886015378,0.158551729474369,4001.965,-1637.544,-921.3200000000002,100.066,Historical Data
2023Q2,2.420556878615088,303.4666666666666,3.549721813154316,22539.418,27453.815,2864.103,591.864,2995.524,3799.003,27766.009,4.98730158730159,303.4666666666666,0.155773623814158,1013.457944064284,0.137738886015378,0.160511526024648,4037.59,-1659.479,-930.412,104.732,Historical Data
2023Q3,4.263290657979013,306.0343333333333,3.685009095029357,22780.933,27967.697,2901.328,617.7819999999999,3062.041,3843.132,28668.652,5.262380952380953,306.0343333333333,0.156345339856617,1031.586349159069,0.137738886015378,0.162480250448069,4016.667000000001,-1677.18,-882.636,100.501,Historical Data
2023Q4,3.142315741588675,308.099,3.752573285111316,22960.6,28296.967,2930.194,631.6899999999999,3091.748,3882.899,29471.81,5.330000000000001,308.099,0.156916919375376,1032.317649524126,0.137738886015378,0.164454116135112,3992.031,-1691.417,-887.136,94.88200000000006,Historical Data
2024Q1,1.615940079437905,310.9896666666667,3.78071766691872,23053.545,28624.069,3002.343,630.25,3125.421,3966.989,30039.201,5.330000000000001,310.9896666666667,0.157488419481612,1028.553609866697,0.137738886015378,0.166430859711805,4101.540999999999,-1746.147,-963.936,82.19100000000003,Historical Data
2024Q2,2.945050185764586,313.1603333333333,3.960745373745156,23223.906,29016.714,3043.035,657.395,3154.321,4061.192,30153.18,5.33,313.1603333333333,0.158059881161363,1043.192608293909,0.137738886015378,0.168408843121497,4219.362,-1791.566,-1100.124,59.90100000000007,Historical Data
1985Q1,3.858035035301555,106.24853123142154,7.45747579082183,8400.83629989253,4230.552119703085,433.878153860782,77.33865291831319,305.8422764583334,396.12164449883835,1547.5768316564347,9.46568723188216,106.24853123142154,0.0933643216007299,481.1619534129089,0.137738886015378,0.251922442562495,393.42640199933027,-171.07447742662964,-93.74932951687343,25.00154306493746,FRB/US
1985Q2,3.0762232341139395,107.2221449594575,7.537465032512766,8465.692489912177,4291.130961521,390.09732100597614,75.26903846850131,303.4136446759866,416.208591101133,1598.1575891285468,8.792039245626865,107.2221449594575,0.093606103116105,498.6438442661389,0.137738886015378,0.252683555452022,391.24417284965824,-224.17254732376875,-114.56916011565744,26.21105325258545,FRB/US
1985Q3,5.763937750710113,107.88617522222634,7.514793640907043,8588.56496169876,4379.38537854018,422.94548525799127,80.78628442459063,296.02963191208676,410.10597673448615,1660.2244886972574,8.60544763752229,107.88617522222634,0.093845245873345,519.8649265260565,0.137738886015378,0.253661063637778,403.81622430790975,-205.5213019599088,-123.74913696829063,21.141159068135227,FRB/US
1985Q4,2.541556623484098,108.97871163266831,7.386755653779074,8643.309508388387,4431.85614594302,429.7172178530146,78.1100717744293,303.57946620722635,433.92197951407405,1766.4335574279476,8.704042643835205,108.97871163266831,0.094081948991726,521.033955327593,0.137738886015378,0.254823113888279,407.43093708182295,-211.79757681029312,-137.0872809046336,24.018022903934003,FRB/US
1986Q1,3.5058275383988753,109.55412635341649,7.330463114191069,8719.397341082391,4492.839127152384,425.64883933155255,82.94212841429604,311.09073662462333,434.0102132057048,1804.2317746319452,8.188802132547488,109.55412635341649,0.094316411474354,519.1997608247879,0.137738886015378,0.256132996336924,406.0159629846474,-216.53990139776036,-134.91536976922347,20.98185998735591,FRB/US
1986Q2,1.5950043736985715,108.99931068445142,7.522619077946774,8754.235445820594,4527.714633326333,428.24144573941794,83.95039030014102,312.45873471311864,438.7389030007405,1864.2496797814874,7.2389760315404725,108.99931068445142,0.094548831328599,544.3932196907367,0.137738886015378,0.257549880294576,424.1765211767825,-239.9007104968992,-141.11537326954655,14.549661528501254,FRB/US
1986Q3,3.689163436688148,109.66182797803114,7.34629138804842,8835.348432992065,4588.2685102409205,437.9005505628299,85.44969124116551,317.5189190419911,454.40236421712467,1936.8899668284894,6.398328638802284,109.66182797803114,0.094779403553268,572.4000489544356,0.137738886015378,0.25903186624785,433.19889876329574,-245.66387319202832,-150.80720390482017,17.479039585624264,FRB/US
1986Q4,2.0663006182289223,110.42433536424439,7.197965751817352,8881.107736655098,4636.964335481117,454.3025686071137,96.42902340293972,331.7466257604858,464.0710483263231,2025.9132826310108,6.495014648719833,110.42433536424439,0.095008322742147,562.9100079220083,0.137738886015378,0.260537930555864,432.6460213104109,-211.40572660666885,-156.06538064989158,11.514144224325614,FRB/US
1987Q1,2.929969716841186,111.74535505096827,6.9631575550265685,8946.400017026192,4700.693128780768,448.48568176616055,97.32756048502871,333.1016353028462,473.6685390437387,2054.740291326058,6.1598592335285005,111.74535505096827,0.0952357834586189,566.7945852123243,0.137738886015378,0.262029704478062,434.0984363823964,-212.62028297133529,-156.68494473866843,14.058638758240845,FRB/US
1987Q2,4.308597049871564,113.00341599717464,6.6277439589984,9043.286970605606,4784.283602660352,509.1662494144115,110.40565148600295,351.81523589925973,498.7896998638712,2096.660881499378,6.597145092016961,113.00341599717464,0.09546197841408,577.0139116706775,0.137738886015378,0.263476537890727,439.2223677093629,-159.4987117905112,-160.10628588034484,17.942238309790294,FRB/US
1987Q3,3.5022026592571365,114.18496475667865,6.364565498552525,9122.813167840211,4862.652734363093,486.33531455430614,114.91258970003561,368.20678756592616,514.3240785731248,2136.650327602364,6.74925430812603,114.18496475667865,0.095687097175186,574.010443243466,0.137738886015378,0.264853619648119,441.56908905946165,-171.10344426159713,-161.1922838068517,17.714667704315982,FRB/US
1987Q4,6.886321076564883,115.25222646661065,6.217604554820903,9281.229438306578,4986.005531049576,504.7114923156731,109.67884559647113,388.38699045956616,535.1743810966466,2217.1111643115582,6.75555859426249,115.25222646661065,0.0959113255091459,586.304274646366,0.137738886015378,0.266142412351121,450.16174840573484,-180.97295780955596,-166.4100764832467,19.74592921842992,FRB/US
1988Q1,2.1663488192210427,116.14742755781347,6.050033947995125,9331.631752436595,5051.966827936722,499.70221842652694,107.12883725304474,414.939905739849,541.1008426848998,2258.1783463305396,6.479845861185119,116.14742755781347,0.096134843792022,563.6634116866878,0.137738886015378,0.2673293097692,463.39586407020107,-181.0267262954451,-133.79695787849636,25.136294883836435,FRB/US
1988Q2,5.339302258404643,117.46782675827697,5.8209500338172875,9457.02780607873,5169.188980672654,496.3138359099113,114.63928342852253,435.72909719112437,545.1245305694625,2288.086432030402,6.958605284493439,117.46782675827697,0.096357826789835,559.4069216723096,0.137738886015378,0.268403094329312,464.45618597434594,-172.24716097340013,-118.09770818082265,23.029658151008544,FRB/US
1988Q3,2.46735873220203,118.89255733188172,5.812343174202295,9515.542792715942,5262.829759293934,505.1433802928571,124.67125112591926,449.99336356700206,552.4627702112588,2344.850723069939,7.767748932379285,118.89255733188172,0.096580444382951,555.5033645552434,0.137738886015378,0.269353291973588,470.2112639409714,-165.77870963542046,-114.58142611584364,20.436290165112432,FRB/US
1988Q4,5.427437345915109,120.18069202416369,5.6440335008577724,9645.535236452832,5380.2309639031255,515.9319127452542,130.62495676178438,463.21573158209503,574.4562846375923,2419.755111164874,8.257350732518134,120.18069202416369,0.096802859798957,576.3915682608414,0.137738886015378,0.270171416086492,480.8013499652159,-172.630561919284,-128.7553693039249,22.937027952008474,FRB/US
1989Q1,4.182109098943698,121.5410191476087,5.514090939119007,9746.910970147263,5492.962948414912,552.8215366297808,132.7470368066776,481.9622871349941,586.6351537157507,2455.6113388734834,9.263006050737207,121.5410191476087,0.097025228567002,562.6071344540863,0.137738886015378,0.270853819966427,496.8067600438624,-150.17798863792146,-117.31180642696955,22.69978420123563,FRB/US
1989Q2,3.1748794382551186,123.50374432022551,5.522807174128472,9824.58197554213,5595.167445838976,566.7020653567168,118.88709600875782,504.17722077681697,596.2022435442791,2475.475352822692,9.516724439058763,123.50374432022551,0.0972476984349219,578.5384800553894,0.137738886015378,0.271400938636099,501.3375072472038,-170.29806864784635,-104.191185867387,21.949638735967913,FRB/US
1989Q3,3.080517939606864,124.44006590354715,5.525667979501089,9900.536075159798,5679.121806340064,572.5054822905836,114.73240642379723,506.5992277691306,585.5120955911062,2528.3427392594326,8.878747923435235,124.44006590354715,0.097470410529858,584.312879192103,0.137738886015378,0.271819419863252,511.98245593744167,-172.87405047564835,-91.72424674000442,24.537674116025,FRB/US
1989Q4,0.9090523079663622,125.6929896369404,5.593794360521898,9923.061924857218,5731.955549283697,581.4072492054129,114.00819183449524,512.9004230528458,599.4107731187393,2609.7332443334208,8.462510703254775,125.6929896369404,0.097693498184026,579.3846047406614,0.137738886015378,0.272117620641338,525.5961881888387,-176.14713876159865,-98.54098188099321,31.01544120873366,FRB/US
1990Q1,4.462153767233446,127.84784933935087,5.4213594631856505,10034.37722334519,5858.1302853400875,584.7674564643727,113.08927969638145,535.9238660647007,628.0939753173552,2664.460952905414,8.092555596308769,127.84784933935087,0.097917087185875,592.6028710074141,0.137738886015378,0.272303820458043,541.9174926986287,-203.07904910863525,-97.97950787829222,29.68236286343741,FRB/US
1990Q2,1.5515524341232383,129.10556256223094,5.451249981528469,10073.374964263727,5946.061254858226,597.733150092952,117.44339885470238,543.8503776312137,616.1925328740938,2709.3857078853835,8.084582847124606,129.10556256223094,0.0981412966055069,593.4094654573943,0.137738886015378,0.272387476001171,556.8609819434728,-211.1146021473429,-81.42947846802831,31.7065705158491,FRB/US
1990Q3,0.3563198850208944,131.30511122807502,5.775936815459718,10082.352321706401,6001.778771522045,604.6844924633882,120.73741118353183,553.2817418386562,631.476573092322,2787.13040820846,8.050828283416674,131.30511122807502,0.098366239508024,588.8486492815143,0.137738886015378,0.272377558227727,563.435915901767,-201.44507477473454,-89.33219911059491,27.105002726378608,FRB/US
1990Q4,-3.58104690192107,133.54383349514757,6.177525665139925,9992.491724297823,5991.991661199109,605.8237078336181,119.63855459982236,566.4922645357555,648.5214749112399,2893.906221006175,7.664687954920216,133.54383349514757,0.09859202347521,590.1792924564362,0.137738886015378,0.272282269745247,571.0439150825625,-207.37224564518485,-59.99019228453498,50.39328083034672,FRB/US
1991Q1,-1.8109828481961192,134.5442756270877,6.6158519083967215,9947.353404496153,6022.806360497665,585.5781905156008,116.02118586737673,571.6568120953293,621.3872593887163,2938.315062159706,6.428488119478985,134.5442756270877,0.098818749974459,596.5198805523536,0.137738886015378,0.272113105255134,511.44351022956556,-185.50317410967887,36.95887627907614,39.29658825418349,FRB/US
1991Q2,3.1609069591659984,135.32559641564484,6.866273502385363,10026.271456098346,6114.57380459379,591.2764504842899,111.60582747886819,589.328602743641,614.7956008265895,2990.127407339719,5.802671509406109,135.32559641564484,0.099046514120711,602.9096317414801,0.137738886015378,0.271883833827579,575.3551270477711,-243.4351891568821,7.5783359155470205,28.327435382482896,FRB/US
1991Q3,2.05997862884999,136.35101403950216,6.899686469278321,10078.039405085048,6193.601150528092,595.9207010789002,112.60388576176291,599.3008339074581,622.3257823184863,3100.146989399693,5.616868408558673,136.35101403950216,0.099275393514098,594.6157018788244,0.137738886015378,0.271605630827852,609.80670929142,-271.1349756160561,-18.94069969591201,24.809678253652496,FRB/US
1991Q4,1.4257995071780267,137.4788505320867,7.129405315930626,10114.026664294877,6252.079597951767,604.6988186810073,113.81511754860857,613.9989728123634,638.6944703630286,3209.383424774351,4.803012536449756,137.4788505320867,0.09950545709083,576.1311248620939,0.137738886015378,0.271285880411248,645.4381670735232,-287.16151228358046,-23.486097645597216,32.896000721828344,FRB/US
1992Q1,4.787092757359801,138.4098041848091,7.390084232205123,10235.795820705804,6350.41578304819,595.472530893698,125.68074451214672,624.1313589758064,646.0005616223468,3285.1452460042287,4.026036205294047,138.4098041848091,0.0997367690789419,581.8345387454827,0.137738886015378,0.270928700949558,682.6854476060724,-322.0404040845708,-26.53032311169677,32.37037899973976,FRB/US
1992Q2,4.329524023271603,139.47273212859562,7.617867426119638,10347.18788623501,6457.69378239755,614.0009594450286,127.3907434837118,625.0642973592846,658.8734730691737,3356.8978642646466,3.7957695456502054,139.47273212859562,0.099969393168579,580.4367912571182,0.137738886015378,0.270535135356014,703.9833170326316,-324.55109611019543,-48.86685945963354,31.64046486601134,FRB/US
1992Q3,3.9419470228402527,140.5267649527698,7.660911522971685,10449.662158288276,6553.1223602403215,623.2530992463987,122.66316460723836,638.2830980172456,677.5018369786088,3446.5802560263214,3.300734300863241,140.5267649527698,0.100203397063581,594.8270003864742,0.137738886015378,0.270104636878265,712.7219502510553,-339.6518374577696,-59.837886125798725,28.775726626880157,FRB/US
1992Q4,4.152277090786782,141.7599999531828,7.4339831275267,10558.701864935209,6666.731820190567,646.2724783245806,132.13540722347557,640.332857854748,687.9166463554174,3547.6781056651294,3.0593043141449705,141.7599999531828,0.100438854126806,595.5586527563298,0.137738886015378,0.269635359318265,725.7719933733273,-334.6297303867595,-75.8841230792648,29.851242628194615,FRB/US
1993Q1,0.6650008130435479,142.7900257967206,7.166919318809213,10576.270328003688,6714.9205448484245,624.5978923791807,136.81855074472196,642.5468615316564,698.4309413686681,3597.47397015045,3.1009527638868075,142.7900257967206,0.100675843105668,568.5914043917827,0.137738886015378,0.269123791880365,732.6538818885924,-332.5257909651642,-59.66002593998271,36.718915667234995,FRB/US
1993Q2,2.31598165306508,143.80825031805028,7.094379569909703,10637.684067898794,6793.840282554517,650.9705262005152,149.02630325805836,652.0152882519603,715.1362942300119,3666.43405600796,3.0310904537077854,143.80825031805028,0.100914448259776,562.6962557776777,0.137738886015378,0.268566119156119,740.1041234816373,-303.7593282926107,-83.06643790998791,30.09013351360469,FRB/US
1993Q3,1.8933321260462317,144.47060748416658,6.8427009967738055,10688.155094168224,6866.417855613275,666.735677425247,140.9255750728964,649.8074478638824,717.8758218436977,3725.512595221336,3.10766869494076,144.47060748416658,0.101154758482327,563.1381905212417,0.137738886015378,0.267960020305087,756.7051439368289,-313.87284809184314,-85.35096066708337,35.57409995817599,FRB/US
1993Q4,5.391314735291531,145.67446561619067,6.671169741647147,10833.188318391873,6997.306804246599,682.8828605328442,172.02784638642322,670.4534762926837,743.4120217683509,3834.303135191612,3.0085348439504407,145.67446561619067,0.101396866764861,568.282914866363,0.137738886015378,0.267306086873476,769.1996547388507,-284.0667356590135,-112.22016960163424,19.966973828644008,FRB/US
1994Q1,3.8469018200160576,146.40412073565034,6.469806549033757,10937.876447334236,7098.502434007451,681.402389288499,149.56789966522294,680.0402509263542,759.9625613369581,3875.8607519717775,3.2693220498985247,146.40412073565034,0.101640871019501,541.1319716430287,0.137738886015378,0.26660431723256,764.4806022408804,-264.365964916664,-99.77982418441621,26.693682211715362,FRB/US
1994Q2,5.368876990589655,147.22449514466845,6.066581652768002,11085.676411170598,7229.015155117189,705.770895516157,158.01811038694404,705.718092984815,795.430320484197,3891.143507583944,3.9718109490964633,147.22449514466845,0.101886874329752,540.5061097512125,0.137738886015378,0.265858967220383,771.6704574695888,-234.09015528033652,-114.03733815544504,22.128182452467662,FRB/US
1994Q3,2.3155457223722915,148.58852450916365,5.971014099089411,11150.035992366356,7312.491920611768,703.2365133254664,173.71955322462824,735.5219518430158,831.3773855818619,3941.0657617450674,4.536554716722281,148.58852450916365,0.102134982857697,562.9612168517054,0.137738886015378,0.265072044770439,777.9140802024825,-252.53346515510776,-126.05877557279179,20.50722297248382,FRB/US
1994Q4,4.54093207960895,149.446391259589,5.598272114809588,11277.336091913558,7435.983355377895,713.2517192555259,183.41194525480358,757.2058591657109,857.9605436971116,4021.672631374035,5.200453792169221,149.446391259589,0.102385305305159,544.690531643638,0.137738886015378,0.264244064636392,809.0204632270427,-254.03259823866438,-145.26733140186101,19.527976863344794,FRB/US
1995Q1,1.4013791316678235,150.53911944580625,5.465599490514242,11316.914941297522,7502.384391696419,732.7005091277965,187.53116271391664,780.0466017299035,884.109148862082,4077.438244319518,5.856589107523173,150.53911944580625,0.102637952175249,545.41310919378,0.137738886015378,0.263375829921759,819.6900380040636,-250.7093029147898,-125.17796418180991,28.971943499686788,FRB/US
1995Q2,1.1775898990727283,151.77165942365605,5.650320411228416,11350.280743046847,7560.551970392036,754.8496039124624,184.11080171067528,797.255341591797,905.3835793623352,4111.721084683744,6.038830638622391,151.77165942365605,0.102893038412183,544.3516209825094,0.137738886015378,0.262469289021614,826.7516904098654,-239.54618776908964,-127.39873408080113,31.780981344584465,FRB/US
1995Q3,3.3753972631132005,152.52539406249272,5.652504565445145,11446.465264891096,7662.048556550966,760.584893804173,190.62481923603,829.6999875779746,902.8162765996201,4145.066647999045,5.82710246037101,152.52539406249272,0.103150683136995,541.0151443996007,0.137738886015378,0.261528535014265,832.7644651499163,-243.75592234635357,-107.26420138839265,18.015231227573693,FRB/US
1995Q4,2.694440497617023,153.34988041390392,5.558251857501451,11523.83008991295,7750.928756486221,778.2153064407046,186.72127141406042,837.6699064394832,906.1104962646874,4191.00959321885,5.765438684886937,153.34988041390392,0.103411009077783,524.1053422443975,0.137738886015378,0.260557668451127,827.1049139886097,-220.9697296641274,-91.89202594109908,29.687874428474228,FRB/US
1996Q1,2.974228945320334,154.70251544212434,5.535621653252675,11609.83571672545,7846.244714342596,810.1722419473252,193.839739650608,846.1390882473264,933.5175386448957,4266.364826278762,5.409412114285782,154.70251544212434,0.103674142032638,538.1036170941109,0.137738886015378,0.259560423891484,862.3980082164445,-221.90570336011697,-108.94577718460893,36.49354543514685,FRB/US
1996Q2,6.606821576249189,156.0322286871057,5.460057575859049,11803.188412208896,8009.87626696269,848.041342995247,204.9332664811353,857.1884575028489,949.4589807015465,4253.398439454977,5.28893758376054,156.0322286871057,0.103940208887739,544.139086607668,0.137738886015378,0.258538831902563,872.449315476716,-177.49401589652282,-118.51597136759999,28.251907081392826,FRB/US
1996Q3,3.5636314880804316,156.92628370707632,5.264034208470142,11908.813760556734,8107.899915826857,852.39207371127,205.29978328259142,857.6966657099808,970.3799340739967,4305.144900483853,5.343547676380412,156.92628370707632,0.104209340719338,536.3522693638522,0.137738886015378,0.257493063905634,867.4463307994263,-168.21671228121886,-143.32306332622443,25.061194372045527,FRB/US
1996Q4,4.124593784239039,158.2904044164159,5.31681318233207,12032.246602828283,8235.682307785335,872.5644841833185,208.05433356135742,901.7978632860771,989.1771292773168,4379.072540153823,5.323322575044866,158.2904044164159,0.104481672381621,535.1750338803187,0.137738886015378,0.2564231153859,861.3694055801399,-139.76735503611457,-124.85107014798551,30.63885196479373,FRB/US
1997Q1,2.56761410212718,159.25176598668543,5.219260900473699,12109.73043765268,8338.149058448409,909.992506696477,209.40307538721456,916.3218224629362,1023.6580389418251,4416.691307251332,5.290179983045616,159.25176598668543,0.104757340448925,524.0799274869346,0.137738886015378,0.255328721824806,884.1787971817979,-119.46227067625323,-143.38529152495096,22.375260258178496,FRB/US
1997Q2,6.601488967805835,159.6205947928558,4.974954389562725,12311.244358387197,8493.61035422651,923.9947749317134,213.37874879879095,952.3002251190522,1036.0566786730371,4355.783708104569,5.55491398930855,159.6205947928558,0.105036481026972,542.7829386974761,0.137738886015378,0.254208974793989,883.6974193290388,-102.25660582627003,-114.30483138165803,29.94377441259654,FRB/US
1997Q3,4.95997565449926,160.4136115707227,4.867615859278202,12464.85344254985,8637.088867439237,948.8228014660818,225.30894732469054,971.8491423155496,1067.2070637575086,4381.5723663965655,5.564882915528619,160.4136115707227,0.10531923093073,542.4287709308875,0.137738886015378,0.253061376446068,884.8741683860814,-67.00914704088402,-129.9357720682617,22.372783310019873,FRB/US
1997Q4,3.399248673660083,161.28071868546945,4.696984503310599,12571.23265541985,8739.78412222188,975.8797552255968,215.21243825256843,966.1243653900756,1081.6459071971794,4440.199020226442,5.540512190544324,161.28071868546945,0.105605725937653,543.0283456183012,0.137738886015378,0.251881672957856,905.6310034682466,-72.37500077535509,-171.4572749438237,15.669304821536393,FRB/US
1998Q1,3.9943137489025564,161.61279869057554,4.6268996773913065,12697.395141335144,8839.963672744261,1003.2020773429592,212.80567978428326,960.8198496551579,1094.5255730144515,4454.56411166628,5.5134997516407775,161.61279869057554,0.105896099446813,523.0027287365521,0.137738886015378,0.250664553679026,901.3975729819259,-23.266891515116,-174.94109574354735,24.726969706230463,FRB/US
1998Q2,3.6868324843545963,162.14194686640076,4.408298686154606,12814.96907539959,8942.835025272672,1029.5685228519596,209.30165019029957,945.1249056016704,1105.9184651745936,4382.944696730212,5.503933218563482,162.14194686640076,0.106190483279862,539.0044745255188,0.137738886015378,0.24940265110459,905.4423126710149,-9.221828597273714,-204.2775945643122,21.88606529379438,FRB/US
1998Q3,5.005821059059912,162.9694673824975,4.520367090306271,12976.350381790073,9093.766266649052,1050.7270899422208,215.14897369922184,933.1174213788748,1106.2357675905541,4368.546416526835,5.547905876263423,162.9694673824975,0.106489006518705,536.2920576727815,0.137738886015378,0.248089266597708,907.5363031077181,20.900368753256302,-234.38602090522625,9.019118137749578,FRB/US
1998Q4,6.387998197944,163.74009682434266,4.427959464142652,13185.24623209368,9266.1404721066,1077.0012390838044,210.64686892001347,964.1185723604717,1141.2672866503524,4427.449082296046,4.8706109181598505,163.74009682434266,0.106791794518745,540.9981223333951,0.137738886015378,0.246717989609263,915.1291233194938,21.54424497840261,-242.08916535945758,11.693824681342743,FRB/US
1999Q1,3.7435948047424006,164.33502332859786,4.274936423913819,13309.226038070368,9383.507101114432,1085.0854461131196,221.6385938870638,958.5591216103668,1169.5451936905629,4424.368798518917,4.755395927672519,164.33502332859786,0.107098967629351,540.4315593165346,0.137738886015378,0.245283542134747,925.1307947272089,48.905465660575366,-242.1543525010384,25.38960889622802,FRB/US
1999Q2,3.3289779272898556,165.56061746502655,4.246075556850719,13420.453537713565,9497.714570427712,1102.7423677193563,219.25242225950896,972.3609749715802,1218.240193526476,4325.753905466742,4.745605573979157,165.56061746502655,0.107410640722469,541.0553375868903,0.137738886015378,0.243782222693839,923.1951612401128,68.9836767641441,-270.57669246466423,30.361859484246402,FRB/US
1999Q3,5.273036772576489,166.789867874727,4.236428400720443,13598.54114938367,9657.689385164316,1128.354409275946,222.63431587234984,1003.0043096948243,1277.6839081825337,4322.071659439167,5.11066895681693,166.789867874727,0.107726923141335,555.1857385311569,0.137738886015378,0.24221163035693,935.1339453790815,72.37810754433029,-303.19727537277146,28.051293241096122,FRB/US
1999Q4,6.513811631633359,168.02921977642436,4.075526119412622,13821.799886125535,9870.655850632056,1161.2484739908068,227.35390268392115,1028.6099451891164,1328.532844204903,4396.844459928909,5.292997529905915,168.02921977642436,0.108047916887456,572.4653509663143,0.137738886015378,0.240570721219239,948.2468745127799,89.26458312476043,-325.36955399919106,37.542672494455665,FRB/US
2000Q1,1.4536263722135345,169.70732393413758,4.039742950144733,13872.120597201456,9972.426730571671,1216.8236786702848,238.74095621335223,1050.495381324018,1405.1410266648306,4358.207490686366,5.719729351280707,169.70732393413758,0.108373716317443,542.7121426447632,0.137738886015378,0.238861349302224,947.6690806041037,175.9269422476331,-377.59046904345365,32.4825959239547,FRB/US
2000Q2,7.225182775520977,171.02106200239132,3.9565680513771597,14124.968832891085,10217.323653267189,1238.8606803501293,236.9687631770355,1090.8613131394268,1451.4130873495533,4177.874343748102,6.273346249152867,171.02106200239132,0.108704407637914,561.8098124828878,0.137738886015378,0.237089037695671,974.5526207895554,148.1717680327187,-384.0700284400237,35.04908106137897,FRB/US
2000Q3,0.41323629400480383,172.5604095732129,4.036567628355072,14139.568747544445,10287.61571238857,1255.8306605191572,218.47815673884466,1122.4329785118293,1514.2703629129792,4138.0300463349795,6.4994894315757525,172.5604095732129,0.109040066886546,551.9783844207726,0.137738886015378,0.235266203156408,985.9787053413698,158.15522079894902,-416.29104467842143,29.896930072671427,FRB/US
2000Q4,2.3867393684220417,173.792859557477,3.9258517588864708,14224.189619894518,10404.93129753352,1267.0698176779974,220.71840244584195,1110.6369761837761,1519.9433283444682,4120.649774794875,6.488031945858346,173.792859557477,0.109380760853581,554.1298866881041,0.137738886015378,0.233412537911002,1001.6187740098562,158.49315800413783,-423.492542721512,54.07493692571642,FRB/US
2001Q1,-1.3077599357465888,175.4519599466401,4.239827689799003,14177.760994861925,10439.39812494292,1310.3336528170773,184.61457032837683,1094.3111589667176,1494.9991480783135,4152.989571397187,5.600515606413629,175.4519599466401,0.109726546506346,569.3686576304107,0.137738886015378,0.231552607753602,1034.5990599702066,129.0840539222788,-426.9027569176703,39.55171418559695,FRB/US
2001Q2,2.4954590960142293,176.6936692162534,4.422272056502738,14266.487530476814,10567.822178213066,1316.4059377139438,178.62773221908913,1055.602535950179,1417.8196013363113,4006.0733164205476,4.31997688809073,176.6936692162534,0.110077470842707,581.7241491193063,0.137738886015378,0.229717726843516,1064.4588395091625,95.55856980905344,-379.4836260159085,47.95940382749391,FRB/US
2001Q3,-1.6003249540823106,177.1681252925302,4.819794278011465,14209.524016619553,10566.959106316106,1122.2933064927313,158.9070366678151,996.627780169912,1365.5073484485904,4087.9208108385606,3.477657198282561,177.1681252925302,0.110433572317617,586.8850036309931,0.137738886015378,0.227940002468489,1070.822256433324,-128.66971622849402,-412.1789660396158,24.62679272651984,FRB/US
2001Q4,1.1018464695695225,177.05483245729633,5.5488913711568175,14248.719761130906,10629.260408047325,1240.5536626467708,142.095851288086,951.3504901640569,1319.3330561970329,4175.184330223935,2.143649910000918,177.05483245729633,0.110794881899888,597.5249439054209,0.137738886015378,0.22625026808979,1117.4784895776877,-31.88859078188171,-351.5813173815645,87.50116173513427,FRB/US
2002Q1,3.336841940711821,177.60548237042835,5.711354692821064,14368.081246190266,10752.03185235093,1083.3045767696822,143.5125749015321,966.9528583110687,1352.0816588107098,4213.186476865403,1.7316630987469124,177.60548237042835,0.111161422276066,622.028119549849,0.137738886015378,0.224675924390608,1148.769043194246,-224.13367291688303,-408.8637061594739,49.243570993151266,FRB/US
2002Q2,2.4468841611849257,179.00761331430562,5.858836504018997,14456.2431999503,10855.70605544885,1059.5413191287346,149.69349772594293,1001.8699197938323,1428.2397494697184,4242.218413915411,1.7479907638588978,179.00761331430562,0.111533211022401,638.280171730138,0.137738886015378,0.223237345555239,1168.7239397204794,-260.34096407488494,-457.00159662681557,30.530125320249553,FRB/US
2002Q3,1.6256905729051139,179.9622223244622,5.745120348285206,14515.116201240397,10952.047357036652,1052.7207739100863,157.6039342100459,1013.2488264867123,1458.841673052068,4342.355991249073,1.7400847427271515,179.9622223244622,0.111910262128689,645.3155495322568,0.137738886015378,0.221945627881899,1180.3137801326081,-276.79141266570025,-457.7274446019914,43.04880106087674,FRB/US
2002Q4,0.4961418808377971,181.0326637720125,5.865710181810964,14533.13126409636,11029.207590750324,1047.5736927976516,175.09582461607212,1000.7608258396095,1494.9534911837864,4454.703362600123,1.4479071301417104,181.0326637720125,0.112292586330221,660.4741631587157,0.137738886015378,0.220802989763593,1197.3854089675465,-302.6276931071191,-494.0620778899579,58.703128775583835,FRB/US
2003Q1,2.103140295586314,182.8705253920876,5.8930675635753405,14609.745535755193,11141.552938890158,1029.591509704859,195.59267255678265,1001.9093691307388,1524.9787184029656,4544.576403960852,1.2480779884356568,182.8705253920876,0.112680190652636,665.9634168590659,0.137738886015378,0.219803396761454,1217.1955719639968,-328.3685678405131,-539.5045466376146,43.13741462514051,FRB/US
2003Q2,3.528574055732747,182.5973087238017,6.1710552634490705,14739.194582132865,11279.7890100518,1031.9202457893023,192.17884687513688,1005.160653614548,1522.845530929095,4611.255217501051,1.2469268423316313,182.5973087238017,0.113073078340461,696.4725418476294,0.137738886015378,0.218933306258005,1234.775559531284,-384.9983481905256,-515.4466402466933,55.92007698444194,FRB/US
2003Q3,6.600322886642118,183.94790939208622,6.121527717518093,14984.420841989959,11532.954524139832,959.4819298551305,213.35765270443,1034.9304679491306,1551.7135859261753,4727.468026916371,1.0084849870249342,183.94790939208622,0.113471248746759,697.88517285229,0.137738886015378,0.218175244735002,1252.9187848623658,-466.9621467152228,-518.4975709325773,54.052335468627064,FRB/US
2003Q4,4.618024956643296,184.66328735743787,5.831440263292014,15158.419394925299,11737.93644535071,1031.6935781173709,236.0043310657859,1089.1689989098807,1610.6014236897743,4872.29967301675,0.9932645198448411,184.66328735743787,0.11387469748381,718.5548434864041,0.137738886015378,0.217506359090276,1254.6781577939612,-400.0624028272874,-508.0207673767684,79.04484639087501,FRB/US
2004Q1,2.2625850015529636,186.22507244618868,5.698460460241153,15244.40538485067,11888.732319339162,1022.0909313802651,246.38600323697463,1131.049477457574,1694.612919700577,4993.633647258977,0.9972208516581366,186.22507244618868,0.114283416471711,727.9005085121945,0.137738886015378,0.216900151157104,1296.1789733056685,-426.63262522732936,-545.8759577882602,97.44373666768325,FRB/US
2004Q2,3.089666902480559,187.68038090113433,5.6074908049620555,15362.61165656254,12077.55139817095,1035.9388906323543,266.0975170320104,1167.4376925447964,1782.438066024448,5041.386830830715,1.007485210644877,187.68038090113433,0.114697392178025,733.5229471012507,0.137738886015378,0.216328019789282,1310.19912289171,-394.65768474232794,-622.14223052822,72.27646918862278,FRB/US
2004Q3,3.778189557964851,188.87687822965637,5.456123618062517,15508.4062695833,12269.47872377527,1072.8603389914128,287.62390939334915,1177.4370200513238,1827.4178411175253,5139.1257770315215,1.4337511487592631,188.87687822965637,0.115116606946076,745.5160648630168,0.137738886015378,0.215757894368897,1317.4102330501244,-363.84888086563205,-643.6335362585224,81.07927147756483,FRB/US
2004Q4,4.06180707650492,190.91764922865195,5.409870244323644,15666.688937389034,12490.745664291126,1104.7528503111469,292.8133963334168,1218.5891282576958,1916.0717207567718,5272.175503976379,1.9516588784806779,190.91764922865195,0.115541038174976,740.1613003876431,0.137738886015378,0.215155935220558,1335.7388432653895,-379.91093356151356,-722.5760421583409,53.94415676195199,FRB/US
2005Q1,4.414702323471431,191.88965517067652,5.299054341344957,15840.556057100972,12730.127999719944,1182.7080395823505,369.6488115548012,1255.4553920726555,1949.2501035243513,5424.974940229561,2.4751131220273614,191.88965517067652,0.115970657036629,752.4051981668811,0.137738886015378,0.214487618460544,1377.9793834868017,-303.3773902657269,-680.7994113325885,86.5010300759819,FRB/US
2005Q2,1.967318815428598,193.16254970101545,5.131199475136533,15918.656520249071,12885.043000404528,1205.7118708196913,358.1112682707966,1291.8032528486044,1996.108179912214,5376.912607647671,2.9373770204893845,193.16254970101545,0.116405427815485,753.1688549821831,0.137738886015378,0.213718822590066,1392.358519482326,-304.90154689453766,-719.9627672104177,73.7827347688548,FRB/US
2005Q3,3.124598109310028,196.1060246690973,4.98402119825202,16043.491971400206,13104.371844209392,1237.9260488755374,364.2730169911298,1299.236443012912,2047.1667236931796,5463.196470563775,3.457134880713265,196.1060246690973,0.11684530919439,763.7219802890982,0.137738886015378,0.212821033296207,1412.4449693988945,-298.86466655466893,-750.091674872027,82.4312996002314,FRB/US
2005Q4,2.2174965183715756,197.90535381667524,4.974520542083181,16132.679929437832,13285.419710997085,1267.8574287650124,401.81512265762296,1347.5387773354066,2149.116369522869,5603.937650223489,3.971510180763823,197.90535381667524,0.117290253201153,762.3483130349642,0.137738886015378,0.211769816856963,1421.6419215371482,-260.9317826953357,-835.3872546987086,54.19525687440709,FRB/US
2006Q1,5.3471300840421065,198.95099152191895,4.7373301230454254,16349.786664297993,13559.566481942475,1330.1535156200666,415.74048816280146,1410.600462687858,2198.2212105512826,5745.678761419813,4.4621336319445,198.95099152191895,0.117740204591795,794.592930638959,0.137738886015378,0.210544886542884,1468.8074617549455,-243.71173983274855,-795.2170178886008,55.218681649347616,FRB/US
2006Q2,1.0353722341754692,200.75771573639042,4.675798910377124,16392.16177101706,13713.375853790885,1361.1419957146381,426.42888098154356,1456.2809765111433,2247.0997465513033,5674.573433547173,4.89865265024919,200.75771573639042,0.118195099704595,787.3605892204803,0.137738886015378,0.209131792544202,1490.2010721031481,-229.0918934385115,-816.9425038638326,48.88192289372879,FRB/US
2006Q3,0.600982812589024,202.65344309481983,4.67046831572628,16416.808800646002,13829.809956440504,1369.2333649782233,445.3576481777491,1471.8826506025382,2291.8667089968267,5732.457584837827,5.244288010379471,202.65344309481983,0.118654868138452,775.5956338232401,0.137738886015378,0.207522053950135,1516.3496726953797,-211.49949399192906,-870.7645442148873,35.90952007377358,FRB/US
2006Q4,3.424700055784058,201.7902748076634,4.466670436973532,16557.96884189235,13998.685328189895,1417.5826293049877,408.68554457627425,1527.851739847142,2262.453319511935,5821.267452930791,5.240581804545213,201.7902748076634,0.119119432239517,793.4424118407445,0.137738886015378,0.205714016569984,1514.614531510967,-197.7881278912915,-772.2296949582444,43.59080671560173,FRB/US
2007Q1,1.2036061213137832,203.76897486107308,4.543657750144145,16607.86705812811,14174.280251031838,1477.1331186197956,412.5365173602308,1574.1898435506507,2310.3851481223264,5958.002574481428,5.256900624506925,203.76897486107308,0.119588707101234,787.0395346360559,0.137738886015378,0.203713717025517,1589.336608743696,-208.55546235566337,-798.416759148809,42.40491901110727,FRB/US
2007Q2,2.4417995653244873,206.09059246026254,4.514358637855295,16709.559840479084,14360.195918877092,1507.9632420260725,406.0727658743386,1618.8447993951963,2361.547737205533,5836.249876064544,5.243916935292345,206.09059246026254,0.120062598960474,806.7271882917493,0.137738886015378,0.201533207854443,1579.6408400927544,-229.6949502249635,-770.5810127041848,60.590979555743715,FRB/US
2007Q3,2.299701591226721,207.36771436209796,4.682731706537577,16805.90403209787,14521.841425501825,1510.1279329909976,369.93113292827127,1681.6289361351276,2407.522148819648,5957.894260625719,5.085391135193538,207.36771436209796,0.12054100839862,813.9519838185056,0.137738886015378,0.199193427387734,1600.2935766016428,-277.57056075511576,-700.4301829717417,116.90261806991528,FRB/US
2007Q4,2.5074867693419383,209.89961622892503,4.82365254810754,16911.58638741941,14672.342571791924,1523.547345885374,351.81584987201114,1746.4660120038284,2473.093527083656,6089.912297652702,4.491610393380935,209.89961622892503,0.121023827622191,832.0299200404181,0.137738886015378,0.196722260633919,1636.4727494373387,-317.33877331534893,-666.0429059205896,160.05999041113532,FRB/US
2008Q1,-1.7086634125604407,212.18860949388872,5.014577156012633,16839.49993910783,14663.84659162886,1547.9146711865305,291.15409468815835,1808.912184182138,2576.959843865546,6274.665661995346,3.164123100982402,212.18860949388872,0.121510940045049,847.0252939997921,0.137738886015378,0.194152924534172,1670.4920841322316,-402.74210405786044,-726.4203777923998,150.0060184049404,FRB/US
2008Q2,2.3768882486578486,214.9372545038075,5.3551575010014805,16939.861853909424,14822.632261125445,1564.9196350569246,278.012766347491,1900.6416526204516,2673.8071553780933,6231.345687610604,2.085673294421312,214.9372545038075,0.122002220583853,869.1240821742349,0.137738886015378,0.191523437292143,2016.0325106233993,-773.4698567139322,-716.5160014086623,156.72934653745304,FRB/US
2008Q3,-2.1049702772451435,218.28548630642047,6.04663737380906,16850.95123759178,14855.81992357725,1510.8858966315793,263.6812860566349,1917.5261180135956,2701.6209198905167,6776.661478335241,1.9529623071708946,218.28548630642047,0.122497535789656,879.3657456632043,0.137738886015378,0.18887284660724,1806.1774955421322,-617.0216621997383,-710.0393567595355,175.91413744042538,FRB/US
2008Q4,-8.852177550625129,213.31232757386482,6.89554736652049,16482.128366547327,14565.884531709147,1466.1758735000733,162.14906553741434,1696.1512870623176,2321.9512475048336,7390.528670478519,0.5295845617777949,213.31232757386482,0.122996764946469,888.7795663567437,0.137738886015378,0.186240771768159,1772.6099237086244,-696.4921021428208,-622.5219210760372,95.26721335217066,FRB/US
2009Q1,-4.5639671519737135,211.80279674547123,8.31470218831103,16295.137439591437,14389.056306837507,1214.5168917682106,166.0471828241513,1508.0724408271278,1927.0999948667472,7832.982331025685,0.1826971051208185,211.80279674547123,0.12349978368454,900.0785349386542,0.137738886015378,0.183666181776368,1884.4766754123164,-1096.5280767681186,-395.92183261622205,120.12238047746473,FRB/US
2009Q2,-0.7145396801995219,212.94610052807852,9.312446072737938,16266.054617625818,14339.516986578072,1143.5557234563319,188.0764866485003,1517.3718810587002,1873.9617549052132,8174.411827298397,0.1743150914993287,212.94610052807852,0.12400646050365,923.0899320029315,0.137738886015378,0.181182706489851,2018.4211193735107,-1296.462978690613,-346.82968499549503,122.18943301846106,FRB/US
2009Q3,1.4033479398044335,214.7592489989774,9.644406134183594,16323.222177049736,14406.993904212888,1145.2643180605992,200.15012428768043,1590.820777292554,2012.812405405683,8567.80094170844,0.15040347444885468,214.7592489989774,0.124516663149986,932.358913082201,0.137738886015378,0.178815325443615,2043.9368635110814,-1303.0072083674422,-363.91051472414586,181.68917243907237,FRB/US
2009Q4,4.301581525935916,216.45268889736937,9.954046671669472,16499.708617115433,14608.782535410513,1151.7348977532536,233.52266962947544,1699.3300624416108,2170.368218581763,8891.690848948254,0.118709677419355,216.45268889736937,0.125030266622286,948.811800931518,0.137738886015378,0.176582997382377,2041.3939863601133,-1259.84820445922,-405.68678656860686,174.29402356529758,FRB/US
2010Q1,1.932290337673237,216.79420474463456,9.857887325416018,16579.60701420439,14721.773462721105,1202.3842151412896,249.08368427541583,1755.5446094675099,2262.3735872377374,9351.574269646822,0.13607703826629816,216.79420474463456,0.125547153632512,958.7265866335937,0.137738886015378,0.174497749798008,2153.4011903179926,-1339.965123014385,-410.3459454469194,203.40370873625602,FRB/US
2010Q2,3.851641359811708,216.71639234164437,9.687668491581649,16740.02486501558,14936.706991690779,1225.1101740483202,254.88685915120422,1815.2435625378328,2355.2403834962424,9699.06416893734,0.19063656664689474,216.71639234164437,0.126067212730275,968.9808517458745,0.137738886015378,0.172567020761479,2159.00785747988,-1320.691233720461,-444.9835102448274,205.95451045042682,FRB/US
2010Q3,3.0717675913017217,217.35090888852102,9.506215794210016,16869.07340435872,15097.587013647684,1267.0199777817795,271.79141248583903,1872.5941209974926,2423.9580514080753,10104.685660275016,0.1866210679934503,217.35090888852102,0.126590343725849,966.3166838561374,0.137738886015378,0.17079414953149,2183.5986270698954,-1304.9267248607123,-464.43136254947837,197.25478867493592,FRB/US
2010Q4,2.095516795279906,219.13187961816763,9.558929861506426,16957.67886108872,15264.951593035503,1304.077007645772,283.1953238825796,1967.204829552381,2488.259599450346,10532.866674837223,0.18703096033943498,219.13187961816763,0.127116456090714,966.3381085547758,0.137738886015378,0.169179209610059,2194.9476518317942,-1290.6978431451619,-400.55847551062215,212.44048928848525,FRB/US
2011Q1,-0.9492178140185107,221.48136166742236,9.058935007362159,16917.485243424708,15306.799707993416,1437.6815042487917,276.51332625456024,2035.3097733772693,2601.1129815260874,10777.798836849577,0.15269427278904735,221.48136166742236,0.127645469268636,942.5578780811917,0.137738886015378,0.167718604336635,2203.522876882399,-1240.4009590535982,-474.7782420989889,222.00175625160935,FRB/US
2011Q2,2.6986716843516945,223.9723417050772,9.094344410501616,17032.007979096375,15512.29192739045,1456.8278995983444,276.12532017753017,2110.8281696906056,2689.1882631136154,10887.255420041343,0.09328125,223.9723417050772,0.128177311804698,938.5778902635506,0.137738886015378,0.166405934938356,2203.7717213401056,-1270.37358629911,-475.59928044212626,221.53783679888053,FRB/US
2011Q3,-0.08985722396488406,225.43547777676514,9.038875975612736,17028.182286431253,15602.136777214433,1485.164695941692,247.43320222440104,2151.363896940276,2715.7779444495204,11277.865999425394,0.08390625,225.43547777676514,0.128711919807037,910.6238263106626,0.137738886015378,0.165233783883135,2194.093143850458,-1214.6563407282806,-425.4466353957239,244.810669409631,FRB/US
2011Q4,4.466878347783876,226.44050503533379,8.679028165908617,17219.405057173528,15796.113069424398,1484.9922268673176,286.16085432415366,2144.6865340225613,2743.6692572447705,11667.143785672875,0.075081967213115,226.44050503533379,0.129249235162612,915.3701850849155,0.137738886015378,0.164192211685416,2203.500751106478,-1195.597168025762,-437.03303892276205,259.51689178803014,FRB/US
2012Q1,3.3393623066125144,227.71037368232857,8.272770887910653,17363.761371774657,16021.9126503611,1480.9656202319504,309.7983188332857,2184.4166519225437,2783.8604070791866,12048.045252269452,0.106290322580645,227.71037368232857,0.129789203612067,915.4864068197346,0.137738886015378,0.163266170849852,2193.055907864656,-1106.999331644424,-453.53597785088795,245.18606026217972,FRB/US
2012Q2,1.7812738988929764,228.1874416807281,8.188674196990213,17441.257834033477,16159.772886711607,1500.906848323657,324.08825288521996,2209.9308016897644,2772.4487185871353,12251.643284732438,0.15348130232179663,228.1874416807281,0.130331774270974,906.8122103133967,0.137738886015378,0.16243721945537,2223.7141039193425,-1089.8135584737329,-437.90933619481285,227.18438796593907,FRB/US
2012Q3,0.5760074506397931,229.18495239108375,8.02795387726216,17466.391662433092,16271.817792475204,1523.4440549857777,331.90092329426255,2222.024363595103,2742.536874336895,12500.261474886103,0.144220510359821,229.18495239108375,0.130876897574837,911.7612602918849,0.137738886015378,0.161684762037743,2236.161638401621,-1083.5062386393843,-393.495084421119,228.31795443082206,FRB/US
2012Q4,0.46308789566040803,230.74951885233676,7.822486048075615,17486.62455858419,16372.402648154439,1587.7068547845247,331.86192227023923,2231.7438951528575,2745.1017532192277,12844.122020297245,0.1582028875256867,230.74951885233676,0.131424525764301,887.2368623023564,0.137738886015378,0.160987432889265,2241.4849724432365,-997.4573674986306,-379.67045632860913,226.41249247015529,FRB/US
2013Q1,3.928450337105005,231.64065099836745,7.761742586106521,17659.208998480437,16599.523130372123,1664.4321029663317,349.6043128292803,2250.1124217058114,2747.026143455308,13191.256666009329,0.14084029714644491,231.64065099836745,0.131974611924474,860.009517432209,0.137738886015378,0.160324011590242,2254.0143268578545,-771.9320287223618,-361.831192561835,215.09309148113118,FRB/US
2013Q2,1.070983821352201,231.40090499480897,7.554311948920159,17706.55417042607,16679.80004677395,1697.2984307029676,346.2347441135385,2255.556674172098,2751.5343142216384,13099.254087343656,0.11703125,231.40090499480897,0.132527108813019,853.7680212175298,0.137738886015378,0.159673595039269,2270.334843605671,-529.6792682781875,-354.89877153864427,228.10726127553295,FRB/US
2013Q3,3.3908908353112115,232.65659347784126,7.2751567685962035,17857.29467911567,16904.220585933184,1691.1464220209784,352.8096107144407,2279.1861580999985,2758.911520036719,13252.622915641723,0.08546875,232.65659347784126,0.13308196811715,843.4755180735974,0.137738886015378,0.159016821263779,2292.2545421336026,-701.3660378998848,-339.8927506225462,239.4647328456859,FRB/US
2013Q4,3.4720416724162817,233.51932798850603,6.970862417013806,18012.972529852672,17141.663176467868,1715.0093141199934,355.5896015342092,2343.119713484279,2774.9071143193105,13699.299609798205,0.085483870967742,233.51932798850603,0.133639140079929,830.3761841431509,0.137738886015378,0.158335711810697,2258.522251650147,-525.3407322702492,-294.59741391721445,234.67419557251313,FRB/US
2014Q1,-1.3834888499715698,234.9701646353294,6.646706518025921,17950.778281540493,17147.29006870233,1763.6150003632804,391.4582222701298,2337.470014034966,2845.1068350509827,13948.268926340825,0.072786885245902,234.9701646353294,0.13419857313486,820.1486834238473,0.137738886015378,0.15761396273714,2305.1563058443994,-555.0789962732896,-361.89775135678764,236.51256984088536,FRB/US
2014Q2,5.134507343973383,236.22097600766298,6.235616780768986,18182.684509869738,17467.1063849063,1775.347653414294,413.04747722653843,2388.8754257443647,2891.8289714642233,13904.402621786536,0.09109375,236.22097600766298,0.134760210464934,815.2094228815497,0.137738886015378,0.156836826915499,2318.0237930600038,-578.7483325375081,-346.94317105163225,227.4734807434925,FRB/US
2014Q3,4.832334130304616,236.83054596218895,6.114470318398927,18403.67873687312,17751.9173491004,1815.6200211664884,385.5367930726119,2392.860995602548,2879.8320190957456,14134.205757676347,0.0896875,236.83054596218895,0.135323991116997,831.8731721574277,0.137738886015378,0.155994764923288,2347.5751219412045,-626.3614113042795,-355.01744362464456,251.01038848775468,FRB/US
2014Q4,2.0178189482741975,236.23642736465442,5.726507316832562,18496.751523725194,17859.418953757093,1852.9640147528037,389.2095166849774,2369.921466954022,2898.186908296675,14433.521211458736,0.102096774193548,236.23642736465442,0.135889849061012,815.85655204548,0.137738886015378,0.155082800742595,2418.6604206292645,-609.8876026841214,-409.2610757501693,221.86071600847512,FRB/US
2015Q1,3.5857984795391924,234.71111520305098,5.544063592258392,18663.31102804995,18010.37457988378,1922.906639643446,401.53375732746514,2292.926402554287,2816.9375563987724,14512.044219518992,0.114590163934426,234.71111520305098,0.136457713378069,820.2242773731068,0.137738886015378,0.154098009562537,2465.7293067637734,-577.3243061632716,-395.78368336735684,221.84736952923933,FRB/US
2015Q2,2.469981052850301,236.30979965840135,5.451809252866342,18778.912639520007,18225.928843535145,1960.9199583569457,407.08609016048325,2294.2929444178444,2801.4777731598015,14497.507016002355,0.12500000002180525,236.30979965840135,0.137027511165673,825.0098575724912,0.137738886015378,0.153039967820364,2484.3933624133983,-544.1629194445848,-396.1064631774045,211.1454979311859,FRB/US
2015Q3,1.5983062604391312,237.2020920526375,5.135748412469934,18854.09888688613,18347.376553348833,1966.6858551357177,379.0863532311902,2254.660741943869,2790.362413595593,14592.31471771613,0.13352798723089868,237.2020920526375,0.13759916913263,824.2224164537091,0.137738886015378,0.151912262818604,2520.87349238921,-564.0148273335177,-437.7995458494116,212.35746435176063,FRB/US
2015Q4,0.7382465135151509,237.17936346189478,5.04704062358275,18888.92844992561,18380.765636796725,1982.48999610177,348.28214749941213,2216.303186068659,2737.2661048557225,15156.645666063081,0.15761069506656453,237.17936346189478,0.138172612729691,832.894739753231,0.137738886015378,0.150723320187812,2443.1670702481447,-539.3045163723277,-396.84949972654726,231.821990880199,FRB/US
2016Q1,2.313172455171042,237.04707064788846,4.913186479587648,18998.478276673282,18471.273127668486,1945.041846132867,363.0266910283744,2176.079868586549,2685.5840050885536,15392.34760068143,0.36177563724852896,237.04707064788846,0.13874776650914,831.53268330853,0.137738886015378,0.149485186094272,2543.423908350198,-637.3511563507604,-414.26489345354605,213.8997533369872,FRB/US
2016Q2,1.2845617775106182,238.9391563747794,4.9388227296115685,19059.588145969457,18656.545769204193,1962.598409307741,366.0698412459662,2215.9461805045685,2703.2454277107768,15399.997528069194,0.3653205172517204,238.9391563747794,0.139324548701176,824.4592320163534,0.137738886015378,0.148212833022318,2556.8966653838293,-653.0756526155695,-400.1801929095043,215.0495235048765,FRB/US
2016Q3,2.8300952043323946,239.95001857699003,4.903942108034507,19194.91744746265,18836.9890086722,1990.960229507102,374.43479745225767,2263.8795816643433,2743.0955310036056,15658.097945606502,0.390155874731195,239.95001857699003,0.139902875429288,830.2153016198586,0.137738886015378,0.146924312334497,2598.7344885557045,-680.1637945129964,-396.51848223479783,219.14495276967497,FRB/US
2016Q4,2.21383558611663,241.47161694431264,4.796082347875531,19301.44795510924,19033.192947431544,2012.53011108441,352.4139200469553,2262.225374239879,2790.915283840179,15997.523602801924,0.4437011033947643,241.47161694431264,0.140482659317988,831.8451496948328,0.137738886015378,0.145641684433255,2589.7551040279704,-692.4215520219896,-367.00921065070696,274.4426226238665,FRB/US
2017Q1,1.9457513945752682,243.15971174790496,4.5862392440004704,19395.566231170953,19223.396959838643,2023.049232707678,266.13168223167395,2333.426768861168,2864.7384071850956,15994.498529733435,0.6982059390169421,243.15971174790496,0.141063810062694,826.3095537005175,0.137738886015378,0.144391454091473,2598.0724205837787,-708.283222815006,-340.317837768893,271.4651934063232,FRB/US
2017Q2,2.236236864103347,243.43974336261311,4.380076792050957,19504.302598818715,19381.561263601874,2031.8620249387043,278.79144197762326,2343.359732944882,2894.7249496593336,15952.646350941424,0.9470801294125001,243.43974336261311,0.141646232116232,834.2400748399351,0.137738886015378,0.143202790176289,2650.352003096321,-725.8948426432748,-414.0324057763331,263.3896485935301,FRB/US
2017Q3,3.144797871716065,244.60353564314315,4.331371999150811,19658.249694731032,19634.84979259905,2074.771968939239,294.86268529499023,2378.117165136518,2907.564408310989,16255.038803037183,1.1498594405896159,244.60353564314315,0.14222982307925,832.8447581416045,0.137738886015378,0.142101341430041,2683.4050081699643,-739.7961383153881,-341.5665609571525,307.553892675082,FRB/US
2017Q4,4.486023418288454,246.54316388187777,4.188620919570597,19879.95903373935,19978.425239192264,2144.015714682774,296.09634131992186,2472.4548648496802,3025.2299291596532,16594.130893568483,1.1961993465957494,246.54316388187777,0.142814474733964,849.275648319886,0.137738886015378,0.141110347010155,2705.412658412898,-765.3484045461674,-368.2112662896437,325.9497248809915,FRB/US
2018Q1,3.2435770657805567,248.61516816819542,4.043161607542443,20041.819854846344,20269.12796716433,2091.0872132944332,269.6103363487976,2510.522161497863,3084.3760611075995,17056.919995881082,1.4425237039210597,248.61516816819542,0.143400072796428,862.8061022514681,0.137738886015378,0.140251499457331,2736.31458310212,-881.724238938152,-386.0751144095664,313.89498541154694,FRB/US
2018Q2,2.1205579232038474,249.98489018019097,3.940803663242607,20148.351588453443,20520.825752130004,2078.4182697654196,288.71016592804426,2555.314143843852,3097.0528034855556,17099.935483822228,1.7320570508853768,249.98489018019097,0.143986495771684,870.1628197824567,0.137738886015378,0.139544737494224,2766.276587167567,-898.4059171969112,-375.043632516487,302.56366751052053,FRB/US
2018Q3,2.489701677558287,250.96964192111116,3.803338754588163,20274.15114841056,20738.101839896877,2105.3207555725867,286.36449325103956,2528.7220204900395,3144.6810018418387,17425.557173484514,1.9186467994652492,250.96964192111116,0.144573614162037,885.6863082755168,0.137738886015378,0.139006366169256,2758.9904419006384,-877.166423895616,-475.9311150784036,267.45111213952964,FRB/US
2018Q4,0.5688018338069865,252.00636023204726,3.848493337795555,20303.001592160905,20856.967931159255,2103.2042762709398,292.5419126292914,2530.637132453983,3162.513596445154,17849.008997324097,2.2125655842547007,252.00636023204726,0.145161289504258,895.212009358064,0.137738886015378,0.138649949694211,2810.5414785633498,-957.4601584076053,-515.3190590885217,273.8764680901112,FRB/US
2019Q1,2.4915624968400603,252.6536914636128,3.8694223918927495,20429.861775432124,21050.171405362933,2175.577471360558,268.4566491483661,2533.463587640254,3123.5463533271068,18126.881532026287,2.3970958886206084,252.6536914636128,0.145749372033422,916.4767139914926,0.137738886015378,0.138486252143326,2904.814817595816,-1032.4476860730358,-458.71402244998467,291.43869257474023,FRB/US
2019Q2,3.3288185291851846,254.53591539286978,3.6720215594723964,20600.58944796708,21335.74131325221,2238.5299466211422,281.67507884199296,2540.650463097406,3156.314515169958,18035.567634242332,2.3939153370289774,254.53591539286978,0.146337701402653,916.2275937103129,0.137738886015378,0.138523426845819,2931.3399464619656,-1052.1136459193403,-466.19165448563047,292.038290375778,FRB/US
2019Q3,4.654774750507328,255.36358376901998,3.6327261262695147,20841.717481751537,21654.108414237315,2216.369348616372,280.2406927154241,2525.646068296545,3108.987300107977,18597.5648401593,2.194228712010813,255.36358376901998,0.146926109555476,930.6811242824112,0.137738886015378,0.138765394129993,2942.9125903519325,-1061.2761323131408,-438.8722901049467,278.90859216866573,FRB/US
2019Q4,2.7199763389795355,257.15508632125955,3.5801718894234464,20983.92287395949,21869.56351840845,2247.2745107149713,301.41416650177774,2530.6886137715037,3042.040945180394,19020.15772846183,1.6472013458028076,257.15508632125955,0.147514419662794,937.3473687245059,0.137738886015378,0.139212393424697,2980.1908765084786,-1016.072231034572,-396.1816441045679,261.8238374140083,FRB/US
2020Q1,-5.607279188416214,258.0296654631062,3.84527649827906,20691.818262476976,21664.661974014496,2270.3087358079474,255.26205374906698,2409.7201511921576,2921.3122615588713,19518.66533451536,1.2299074604047784,258.0296654631062,0.148102444653039,949.0634661717585,0.137738886015378,0.139860549902949,3043.7795644929643,-1068.860580304366,-400.4796492518817,270.49064077917205,FRB/US
2020Q2,-32.95565035356489,255.61440854240678,13.02041685750241,19055.37555694453,19877.612012479905,2128.1435878097486,265.3232656559,1809.5424767754432,2344.1251495874835,22364.67148089287,0.05875,255.61440854240678,0.148689986856235,1047.2218599164592,0.137738886015378,0.14070302662505,5336.072220865557,-5333.912645703191,-599.4099892501462,177.79611299061432,FRB/US
2020Q3,30.154073860069275,258.49944324529014,8.837428037062798,20547.40032110498,21621.57852781503,2269.269025169617,339.1739325683922,2099.434460341963,2793.3380369023657,22891.28659877187,0.092769230769231,258.49944324529014,0.149276838936542,991.6412719349973,0.137738886015378,0.141728805464051,4226.237444836522,-3352.697487109028,-673.3999791475703,209.14858565862124,FRB/US
2020Q4,4.315070948869959,260.33295187393236,6.751987179232218,20770.258948852545,22004.630850218997,2400.4637405835624,332.70327482201,2262.7889065605896,3018.3349727331956,23589.884957731938,0.089032258064516,260.33295187393236,0.149862894645914,996.8567429212186,0.137738886015378,0.14292467119638,3580.786881276919,-1971.7190096813824,-722.9890467032208,186.12626174957228,FRB/US
2021Q1,5.482493736776206,262.96880201878093,6.243688947959323,21056.900888762553,22590.845671338837,2571.2963625299035,372.0340085532512,2374.803880558708,3167.634860281085,23929.359335626727,0.076393442622951,262.96880201878093,0.150448090470693,1055.5517679583252,0.137738886015378,0.144274517467394,5863.199168054692,-4158.010388539261,-755.3504381740041,182.77867339981472,FRB/US
2021Q2,6.231041249424152,267.8691578024019,5.9410095927935345,21387.48510368521,23300.81367903729,2699.030312031095,436.35507689435366,2498.261174131275,3330.255960848005,24285.993278790567,0.06875,267.8691578024019,0.151032373729564,1023.6679007646064,0.137738886015378,0.145760578909852,4162.250406386304,-3349.538521908596,-841.9777463977381,129.4612970310956,FRB/US
2021Q3,3.396557745489304,272.1211732353671,5.135164135488165,21569.8679204873,23852.24656257455,2774.3635792018363,462.5362132679285,2563.1373745453516,3448.5480138075905,24413.49339835227,0.0903125,272.1211732353671,0.151615800103444,996.6519868166097,0.137738886015378,0.147362907875707,3921.84719903818,-2263.658576216816,-936.7107097530059,134.87109882243664,FRB/US
2021Q4,7.1477822918851075,277.96058701277127,4.180277872619541,21958.77414299444,24704.767117413165,2872.438693122075,524.4993435459926,2757.843618018827,3675.026023124629,25266.09845475138,0.07952380952381,277.96058701277127,0.152198453820738,1009.9781266556881,0.137738886015378,0.149060621433643,3719.375954842133,-1550.094370036939,-925.7144153726464,161.10347255620013,FRB/US
2022Q1,-1.031615341722869,284.11163551533963,3.8512575492089414,21902.214588246803,25141.83638099911,3280.1750621424185,548.8333313032904,2840.9317784577856,3914.0727057811373,25996.026746797106,0.124354838709677,284.11163551533963,0.152780432637255,978.4888586598237,0.137738886015378,0.150832901061779,3795.4717284511244,-894.8075548082775,-1163.2642082260074,117.15653397129984,FRB/US
2022Q2,0.2798460687046147,290.9274474224732,3.674502348909496,21917.543071262317,25730.328665983223,3322.962948784443,573.049300650153,3063.1528175935837,4081.476839902083,26030.17707934219,0.7580164658389792,290.9274474224732,0.153361834908307,971.657811701277,0.137738886015378,0.15266150188567,3821.343990812474,-905.3677719058963,-1048.6658373289265,160.36118912327802,FRB/US
2022Q3,2.683161539133039,294.676998838868,3.5686649953115905,22065.058047773084,26195.06669336167,3249.8221939502873,559.5867123244989,3094.0448095889487,3976.5529542480845,26446.922687776205,2.199867332400382,294.676998838868,0.153942757869117,971.1241708785525,0.137738886015378,0.154532068202416,3891.765465966542,-1049.7399412349866,-918.7689269676272,175.90534998529148,FRB/US
2022Q4,3.2971846229592927,297.6053345383119,3.5839629895476532,22247.691157770794,26655.861634822806,3228.0083645665213,567.4158768631568,3038.346626735426,3885.769830614379,26809.289345370984,3.6481292437681008,297.6053345383119,0.154523293568654,1002.9063683735577,0.137738886015378,0.156433452145118,3956.0636579964676,-1220.1024433643072,-903.3097745323604,141.35663641216317,FRB/US
2023Q1,2.758660115064515,300.3488356869185,3.517268328053375,22401.656014016797,27084.63769951394,2861.2347402521737,591.1959624864504,3052.1364251563145,3862.6527980030573,27205.037347974594,4.5199772204433515,300.3488356869185,0.155103527996035,1016.6925145347694,0.137738886015378,0.158355983382441,3990.4367671800737,-1633.2178168212333,-917.977709483266,99.67283787166065,FRB/US
2023Q2,2.420976964532429,302.6182415001698,3.5620560917998576,22537.651885399446,27373.225934231166,2856.300425459639,590.1326660634645,2987.264646022992,3787.690836549237,27721.515781960323,4.984993364234836,302.6182415001698,0.155683540408126,1013.4139254562351,0.137738886015378,0.160291748132074,4025.9675619671407,-1655.1102164189194,-927.0638276900596,104.35390321106729,FRB/US
2023Q3,4.264073235248844,305.1708274519569,3.69947002552925,22779.192527231167,27885.60449177341,2893.41264811416,615.9784206630885,3053.5878318460777,3831.7149754084026,28622.24242692936,5.259792239406707,305.1708274519569,0.156263401225584,1031.5428561366462,0.137738886015378,0.162235295151518,4005.111603439499,-1672.8008894680847,-879.429123278623,100.15657964314718,FRB/US
2023Q4,3.1431536942811533,307.21438205554796,3.764224894477833,22958.893896714566,28213.90265794075,2922.190593586594,629.8448095727031,3083.2047918553135,3871.389008046798,29423.634664112644,5.327191860104521,307.21438205554796,0.156843170927778,1032.2753611938317,0.137738886015378,0.164182982101631,3980.544962936808,-1686.9940644049432,-883.9235415357801,94.57245552140184,FRB/US
2024Q1,1.6169785978391358,310.0659784910829,3.783229779143623,23051.89183982893,28540.058114074793,2994.1311236867946,628.4214885059155,3116.7789246620355,3955.257877048349,29989.612029549997,5.3270328299210155,310.0659784910829,0.157422896349457,1028.5124283429511,0.137738886015378,0.166132728153065,4089.732324561203,-1741.5277479361268,-960.485345059224,81.95733965714909,FRB/US
2024Q2,2.946266916493556,312.27422930254556,3.9632017481135087,23222.311261453942,28931.602101668675,3050.2025177510877,655.4984832386621,3145.5950854316593,4049.213035315329,30102.91587286428,5.326931022775152,312.27422930254556,0.158002607514334,1043.15165986028,0.137738886015378,0.168083120158519,4207.206175054071,-1758.931836128831,-1063.3918568568968,59.76330150149967,FRB/US
